timestamp,traffic_volume,avg_speed_kmh,congestion_index
2026-01-01 00:00:00,438,34.6,0.253
2026-01-01 01:00:00,378,35.0,0.202
2026-01-01 02:00:00,505,39.5,0.318
2026-01-01 03:00:00,533,35.9,0.441
2026-01-01 04:00:00,372,41.4,0.141
2026-01-01 05:00:00,419,42.3,0.238
2026-01-01 06:00:00,508,45.5,0.449
2026-01-01 07:00:00,738,19.3,0.774
2026-01-01 08:00:00,748,22.9,0.795
2026-01-01 09:00:00,685,25.6,0.581
2026-01-01 10:00:00,513,30.6,0.496
2026-01-01 11:00:00,487,30.6,0.305
2026-01-01 12:00:00,424,36.0,0.344
2026-01-01 13:00:00,467,30.8,0.385
2026-01-01 14:00:00,408,39.1,0.272
2026-01-01 15:00:00,312,41.3,0.053
2026-01-01 16:00:00,633,31.8,0.597
2026-01-01 17:00:00,545,35.0,0.43
2026-01-01 18:00:00,653,31.6,0.621
2026-01-01 19:00:00,340,38.6,0.126
2026-01-01 20:00:00,340,48.6,0.037
2026-01-01 21:00:00,323,41.6,0.168
2026-01-01 22:00:00,453,28.7,0.308
2026-01-01 23:00:00,390,34.3,0.191
2026-01-02 00:00:00,394,31.2,0.194
2026-01-02 01:00:00,420,37.4,0.279
2026-01-02 02:00:00,492,34.3,0.328
2026-01-02 03:00:00,498,32.7,0.269
2026-01-02 04:00:00,514,42.1,0.427
2026-01-02 05:00:00,523,35.9,0.446
2026-01-02 06:00:00,628,32.9,0.572
2026-01-02 07:00:00,733,22.6,0.686
2026-01-02 08:00:00,719,22.8,0.726
2026-01-02 09:00:00,688,28.1,0.601
2026-01-02 10:00:00,497,35.3,0.329
2026-01-02 11:00:00,508,26.8,0.359
2026-01-02 12:00:00,413,36.8,0.293
2026-01-02 13:00:00,349,39.8,0.134
2026-01-02 14:00:00,331,39.6,0.102
2026-01-02 15:00:00,402,34.7,0.332
2026-01-02 16:00:00,655,26.9,0.641
2026-01-02 17:00:00,635,29.1,0.609
2026-01-02 18:00:00,560,32.8,0.458
2026-01-02 19:00:00,357,41.9,0.135
2026-01-02 20:00:00,358,43.8,0.057
2026-01-02 21:00:00,377,37.6,0.244
2026-01-02 22:00:00,432,35.1,0.302
2026-01-02 23:00:00,413,39.3,0.242
2026-01-03 00:00:00,341,42.5,0.133
2026-01-03 01:00:00,325,38.9,0.152
2026-01-03 02:00:00,357,42.7,0.087
2026-01-03 03:00:00,394,42.1,0.192
2026-01-03 04:00:00,282,47.3,0.0
2026-01-03 05:00:00,358,46.6,0.255
2026-01-03 06:00:00,352,36.2,0.201
2026-01-03 07:00:00,599,31.1,0.427
2026-01-03 08:00:00,613,30.6,0.483
2026-01-03 09:00:00,706,26.9,0.695
2026-01-03 10:00:00,288,39.3,0.035
2026-01-03 11:00:00,379,32.8,0.132
2026-01-03 12:00:00,199,45.4,0.019
2026-01-03 13:00:00,259,39.9,0.029
2026-01-03 14:00:00,270,42.9,0.055
2026-01-03 15:00:00,279,39.1,0.01
2026-01-03 16:00:00,533,28.9,0.471
2026-01-03 17:00:00,530,34.4,0.412
2026-01-03 18:00:00,459,36.5,0.307
2026-01-03 19:00:00,195,47.5,0.0
2026-01-03 20:00:00,282,50.9,0.0
2026-01-03 21:00:00,232,45.0,0.052
2026-01-03 22:00:00,183,47.5,0.0
2026-01-03 23:00:00,211,40.3,0.004
2026-01-04 00:00:00,245,38.3,0.0
2026-01-04 01:00:00,351,46.0,0.109
2026-01-04 02:00:00,349,36.1,0.094
2026-01-04 03:00:00,398,33.9,0.24
2026-01-04 04:00:00,344,39.8,0.148
2026-01-04 05:00:00,387,38.1,0.188
2026-01-04 06:00:00,418,33.8,0.208
2026-01-04 07:00:00,619,29.1,0.504
2026-01-04 08:00:00,657,33.9,0.624
2026-01-04 09:00:00,577,28.6,0.48
2026-01-04 10:00:00,318,35.3,0.07
2026-01-04 11:00:00,298,45.3,0.151
2026-01-04 12:00:00,228,46.0,0.0
2026-01-04 13:00:00,309,38.7,0.154
2026-01-04 14:00:00,232,37.6,0.0
2026-01-04 15:00:00,244,40.5,0.003
2026-01-04 16:00:00,520,33.6,0.413
2026-01-04 17:00:00,510,38.8,0.315
2026-01-04 18:00:00,520,29.7,0.487
2026-01-04 19:00:00,217,44.1,0.0
2026-01-04 20:00:00,205,47.5,0.0
2026-01-04 21:00:00,239,34.1,0.0
2026-01-04 22:00:00,159,50.6,0.0
2026-01-04 23:00:00,192,40.6,0.0
2026-01-05 00:00:00,341,41.4,0.202
2026-01-05 01:00:00,381,39.7,0.217
2026-01-05 02:00:00,484,39.4,0.378
2026-01-05 03:00:00,422,39.4,0.333
2026-01-05 04:00:00,467,26.1,0.392
2026-01-05 05:00:00,575,28.7,0.538
2026-01-05 06:00:00,479,35.8,0.281
2026-01-05 07:00:00,802,23.2,0.814
2026-01-05 08:00:00,693,29.7,0.631
2026-01-05 09:00:00,724,29.8,0.766
2026-01-05 10:00:00,403,40.3,0.244
2026-01-05 11:00:00,420,36.4,0.192
2026-01-05 12:00:00,470,28.2,0.329
2026-01-05 13:00:00,296,39.8,0.0
2026-01-05 14:00:00,406,39.5,0.237
2026-01-05 15:00:00,378,34.4,0.114
2026-01-05 16:00:00,575,34.4,0.526
2026-01-05 17:00:00,516,37.6,0.428
2026-01-05 18:00:00,604,31.4,0.64
2026-01-05 19:00:00,311,28.9,0.136
2026-01-05 20:00:00,365,34.1,0.156
2026-01-05 21:00:00,365,46.8,0.218
2026-01-05 22:00:00,476,33.2,0.278
2026-01-05 23:00:00,385,30.6,0.16
2026-01-06 00:00:00,359,44.4,0.184
2026-01-06 01:00:00,451,36.3,0.201
2026-01-06 02:00:00,473,39.9,0.341
2026-01-06 03:00:00,558,33.6,0.423
2026-01-06 04:00:00,539,35.0,0.45
2026-01-06 05:00:00,519,35.3,0.36
2026-01-06 06:00:00,588,34.2,0.541
2026-01-06 07:00:00,686,37.1,0.672
2026-01-06 08:00:00,711,31.0,0.779
2026-01-06 09:00:00,681,21.8,0.663
2026-01-06 10:00:00,437,38.5,0.249
2026-01-06 11:00:00,358,44.0,0.154
2026-01-06 12:00:00,458,40.8,0.253
2026-01-06 13:00:00,386,36.8,0.23
2026-01-06 14:00:00,292,46.4,0.094
2026-01-06 15:00:00,302,45.1,0.203
2026-01-06 16:00:00,630,40.2,0.554
2026-01-06 17:00:00,653,26.1,0.607
2026-01-06 18:00:00,720,24.8,0.694
2026-01-06 19:00:00,518,32.6,0.423
2026-01-06 20:00:00,376,36.9,0.213
2026-01-06 21:00:00,304,37.8,0.08
2026-01-06 22:00:00,252,32.1,0.057
2026-01-06 23:00:00,415,35.7,0.223
2026-01-07 00:00:00,371,40.5,0.235
2026-01-07 01:00:00,416,35.5,0.282
2026-01-07 02:00:00,423,44.9,0.266
2026-01-07 03:00:00,468,35.7,0.32
2026-01-07 04:00:00,553,37.8,0.587
2026-01-07 05:00:00,507,35.3,0.355
2026-01-07 06:00:00,490,38.2,0.384
2026-01-07 07:00:00,695,28.8,0.647
2026-01-07 08:00:00,649,34.8,0.703
2026-01-07 09:00:00,707,27.5,0.747
2026-01-07 10:00:00,457,38.0,0.285
2026-01-07 11:00:00,547,34.3,0.483
2026-01-07 12:00:00,428,35.9,0.287
2026-01-07 13:00:00,458,37.6,0.294
2026-01-07 14:00:00,350,48.7,0.192
2026-01-07 15:00:00,292,40.7,0.084
2026-01-07 16:00:00,553,34.3,0.477
2026-01-07 17:00:00,559,37.5,0.473
2026-01-07 18:00:00,728,31.1,0.757
2026-01-07 19:00:00,293,41.8,0.078
2026-01-07 20:00:00,401,28.4,0.235
2026-01-07 21:00:00,309,43.3,0.059
2026-01-07 22:00:00,436,27.9,0.371
2026-01-07 23:00:00,422,43.1,0.212
2026-01-08 00:00:00,411,38.3,0.269
2026-01-08 01:00:00,438,40.7,0.273
2026-01-08 02:00:00,421,33.7,0.351
2026-01-08 03:00:00,503,28.2,0.344
2026-01-08 04:00:00,462,36.9,0.289
2026-01-08 05:00:00,424,37.0,0.219
2026-01-08 06:00:00,423,35.2,0.282
2026-01-08 07:00:00,768,25.5,0.728
2026-01-08 08:00:00,844,33.5,0.89
2026-01-08 09:00:00,746,29.2,0.655
2026-01-08 10:00:00,453,40.3,0.324
2026-01-08 11:00:00,458,39.3,0.295
2026-01-08 12:00:00,498,40.5,0.307
2026-01-08 13:00:00,412,36.8,0.304
2026-01-08 14:00:00,355,31.4,0.096
2026-01-08 15:00:00,430,36.2,0.317
2026-01-08 16:00:00,636,33.0,0.559
2026-01-08 17:00:00,695,23.8,0.765
2026-01-08 18:00:00,611,29.9,0.593
2026-01-08 19:00:00,269,39.8,0.0
2026-01-08 20:00:00,269,48.6,0.0
2026-01-08 21:00:00,462,38.8,0.356
2026-01-08 22:00:00,483,37.7,0.345
2026-01-08 23:00:00,389,40.9,0.205
2026-01-09 00:00:00,397,38.0,0.29
2026-01-09 01:00:00,528,34.3,0.39
2026-01-09 02:00:00,394,33.5,0.226
2026-01-09 03:00:00,423,28.4,0.314
2026-01-09 04:00:00,528,34.1,0.468
2026-01-09 05:00:00,474,36.7,0.337
2026-01-09 06:00:00,500,39.3,0.37
2026-01-09 07:00:00,747,32.1,0.678
2026-01-09 08:00:00,770,31.3,0.747
2026-01-09 09:00:00,821,19.3,0.894
2026-01-09 10:00:00,465,34.3,0.324
2026-01-09 11:00:00,479,37.2,0.356
2026-01-09 12:00:00,297,51.7,0.124
2026-01-09 13:00:00,396,44.1,0.165
2026-01-09 14:00:00,329,45.0,0.11
2026-01-09 15:00:00,290,40.3,0.071
2026-01-09 16:00:00,558,28.9,0.439
2026-01-09 17:00:00,583,34.8,0.584
2026-01-09 18:00:00,655,24.7,0.669
2026-01-09 19:00:00,263,41.8,0.035
2026-01-09 20:00:00,353,39.2,0.248
2026-01-09 21:00:00,334,46.7,0.054
2026-01-09 22:00:00,360,38.0,0.169
2026-01-09 23:00:00,459,26.2,0.34
2026-01-10 00:00:00,332,42.4,0.08
2026-01-10 01:00:00,401,35.2,0.247
2026-01-10 02:00:00,331,40.6,0.069
2026-01-10 03:00:00,315,40.6,0.135
2026-01-10 04:00:00,356,38.4,0.216
2026-01-10 05:00:00,392,41.4,0.232
2026-01-10 06:00:00,391,32.2,0.124
2026-01-10 07:00:00,572,29.9,0.447
2026-01-10 08:00:00,635,32.5,0.621
2026-01-10 09:00:00,630,27.5,0.586
2026-01-10 10:00:00,491,28.4,0.236
2026-01-10 11:00:00,433,39.5,0.344
2026-01-10 12:00:00,249,47.8,0.005
2026-01-10 13:00:00,262,42.7,0.0
2026-01-10 14:00:00,172,38.1,0.0
2026-01-10 15:00:00,208,47.5,0.0
2026-01-10 16:00:00,510,27.5,0.366
2026-01-10 17:00:00,555,33.8,0.487
2026-01-10 18:00:00,436,33.2,0.375
2026-01-10 19:00:00,183,41.0,0.0
2026-01-10 20:00:00,102,46.7,0.0
2026-01-10 21:00:00,234,43.1,0.0
2026-01-10 22:00:00,196,42.6,0.0
2026-01-10 23:00:00,248,45.7,0.0
2026-01-11 00:00:00,247,41.6,0.028
2026-01-11 01:00:00,315,44.9,0.063
2026-01-11 02:00:00,235,44.9,0.0
2026-01-11 03:00:00,269,39.8,0.018
2026-01-11 04:00:00,497,31.1,0.405
2026-01-11 05:00:00,300,34.9,0.083
2026-01-11 06:00:00,314,42.2,0.0
2026-01-11 07:00:00,747,24.4,0.774
2026-01-11 08:00:00,804,14.4,0.884
2026-01-11 09:00:00,546,30.7,0.478
2026-01-11 10:00:00,318,37.3,0.099
2026-01-11 11:00:00,341,46.4,0.222
2026-01-11 12:00:00,404,31.0,0.252
2026-01-11 13:00:00,220,38.5,0.0
2026-01-11 14:00:00,245,47.9,0.045
2026-01-11 15:00:00,290,47.3,0.08
2026-01-11 16:00:00,517,30.9,0.366
2026-01-11 17:00:00,460,33.4,0.201
2026-01-11 18:00:00,472,37.9,0.318
2026-01-11 19:00:00,140,37.8,0.0
2026-01-11 20:00:00,216,37.0,0.0
2026-01-11 21:00:00,227,42.9,0.005
2026-01-11 22:00:00,274,48.6,0.044
2026-01-11 23:00:00,246,41.6,0.058
2026-01-12 00:00:00,448,36.7,0.29
2026-01-12 01:00:00,501,39.0,0.41
2026-01-12 02:00:00,469,44.0,0.362
2026-01-12 03:00:00,498,32.3,0.457
2026-01-12 04:00:00,492,34.7,0.287
2026-01-12 05:00:00,497,41.9,0.357
2026-01-12 06:00:00,457,29.9,0.361
2026-01-12 07:00:00,776,29.0,0.887
2026-01-12 08:00:00,743,21.9,0.77
2026-01-12 09:00:00,862,22.2,0.927
2026-01-12 10:00:00,554,31.6,0.506
2026-01-12 11:00:00,464,31.9,0.373
2026-01-12 12:00:00,374,35.0,0.173
2026-01-12 13:00:00,333,41.5,0.144
2026-01-12 14:00:00,451,40.2,0.368
2026-01-12 15:00:00,379,38.2,0.293
2026-01-12 16:00:00,640,29.9,0.637
2026-01-12 17:00:00,498,36.9,0.384
2026-01-12 18:00:00,656,25.2,0.622
2026-01-12 19:00:00,370,42.0,0.212
2026-01-12 20:00:00,284,45.3,0.047
2026-01-12 21:00:00,335,50.7,0.14
2026-01-12 22:00:00,396,36.6,0.172
2026-01-12 23:00:00,402,36.1,0.299
2026-01-13 00:00:00,402,41.0,0.177
2026-01-13 01:00:00,434,40.1,0.261
2026-01-13 02:00:00,445,34.3,0.305
2026-01-13 03:00:00,486,33.4,0.463
2026-01-13 04:00:00,578,33.9,0.483
2026-01-13 05:00:00,343,36.7,0.11
2026-01-13 06:00:00,486,33.3,0.336
2026-01-13 07:00:00,768,25.5,0.88
2026-01-13 08:00:00,767,29.1,0.655
2026-01-13 09:00:00,714,24.6,0.664
2026-01-13 10:00:00,355,32.2,0.298
2026-01-13 11:00:00,460,28.2,0.353
2026-01-13 12:00:00,524,28.6,0.366
2026-01-13 13:00:00,307,36.0,0.086
2026-01-13 14:00:00,432,36.3,0.283
2026-01-13 15:00:00,344,35.2,0.187
2026-01-13 16:00:00,607,27.9,0.641
2026-01-13 17:00:00,540,30.0,0.466
2026-01-13 18:00:00,580,29.9,0.481
2026-01-13 19:00:00,421,42.6,0.302
2026-01-13 20:00:00,386,41.1,0.174
2026-01-13 21:00:00,467,35.7,0.282
2026-01-13 22:00:00,451,34.4,0.221
2026-01-13 23:00:00,426,35.4,0.193
2026-01-14 00:00:00,525,34.9,0.378
2026-01-14 01:00:00,467,38.0,0.275
2026-01-14 02:00:00,510,30.5,0.416
2026-01-14 03:00:00,459,36.1,0.262
2026-01-14 04:00:00,493,26.6,0.217
2026-01-14 05:00:00,455,36.9,0.263
2026-01-14 06:00:00,559,35.5,0.452
2026-01-14 07:00:00,687,26.8,0.642
2026-01-14 08:00:00,796,31.4,0.916
2026-01-14 09:00:00,725,23.1,0.7
2026-01-14 10:00:00,530,34.3,0.475
2026-01-14 11:00:00,486,34.8,0.362
2026-01-14 12:00:00,529,33.1,0.427
2026-01-14 13:00:00,443,36.0,0.255
2026-01-14 14:00:00,286,42.4,0.052
2026-01-14 15:00:00,359,42.8,0.129
2026-01-14 16:00:00,540,38.6,0.455
2026-01-14 17:00:00,572,32.0,0.484
2026-01-14 18:00:00,691,31.1,0.631
2026-01-14 19:00:00,381,35.9,0.251
2026-01-14 20:00:00,309,44.2,0.112
2026-01-14 21:00:00,303,38.3,0.059
2026-01-14 22:00:00,382,43.0,0.21
2026-01-14 23:00:00,326,49.4,0.113
2026-01-15 00:00:00,380,38.2,0.157
2026-01-15 01:00:00,459,27.2,0.325
2026-01-15 02:00:00,529,31.3,0.398
2026-01-15 03:00:00,513,39.0,0.357
2026-01-15 04:00:00,352,41.9,0.076
2026-01-15 05:00:00,516,34.9,0.391
2026-01-15 06:00:00,504,38.4,0.419
2026-01-15 07:00:00,782,26.6,0.784
2026-01-15 08:00:00,846,27.3,1.0
2026-01-15 09:00:00,613,34.2,0.603
2026-01-15 10:00:00,425,43.2,0.334
2026-01-15 11:00:00,476,36.8,0.387
2026-01-15 12:00:00,325,44.2,0.208
2026-01-15 13:00:00,488,33.7,0.327
2026-01-15 14:00:00,402,35.5,0.106
2026-01-15 15:00:00,414,44.3,0.23
2026-01-15 16:00:00,576,32.7,0.529
2026-01-15 17:00:00,652,32.4,0.626
2026-01-15 18:00:00,664,29.3,0.651
2026-01-15 19:00:00,357,37.2,0.231
2026-01-15 20:00:00,365,39.3,0.196
2026-01-15 21:00:00,380,44.4,0.24
2026-01-15 22:00:00,328,42.7,0.073
2026-01-15 23:00:00,390,31.5,0.161
2026-01-16 00:00:00,411,36.8,0.328
2026-01-16 01:00:00,464,42.9,0.334
2026-01-16 02:00:00,520,32.9,0.384
2026-01-16 03:00:00,413,30.3,0.22
2026-01-16 04:00:00,482,42.7,0.324
2026-01-16 05:00:00,586,34.2,0.481
2026-01-16 06:00:00,455,35.8,0.251
2026-01-16 07:00:00,708,25.7,0.63
2026-01-16 08:00:00,761,29.7,0.776
2026-01-16 09:00:00,787,22.3,0.797
2026-01-16 10:00:00,461,40.5,0.38
2026-01-16 11:00:00,520,36.0,0.43
2026-01-16 12:00:00,471,36.5,0.353
2026-01-16 13:00:00,450,36.8,0.271
2026-01-16 14:00:00,413,36.8,0.245
2026-01-16 15:00:00,503,38.6,0.407
2026-01-16 16:00:00,598,27.6,0.571
2026-01-16 17:00:00,483,28.6,0.354
2026-01-16 18:00:00,696,30.1,0.74
2026-01-16 19:00:00,315,43.5,0.1
2026-01-16 20:00:00,357,41.4,0.204
2026-01-16 21:00:00,442,38.2,0.271
2026-01-16 22:00:00,284,40.8,0.0
2026-01-16 23:00:00,324,43.8,0.127
2026-01-17 00:00:00,204,44.7,0.0
2026-01-17 01:00:00,273,40.5,0.064
2026-01-17 02:00:00,366,37.9,0.2
2026-01-17 03:00:00,388,46.5,0.195
2026-01-17 04:00:00,386,31.6,0.169
2026-01-17 05:00:00,293,43.7,0.094
2026-01-17 06:00:00,241,36.8,0.007
2026-01-17 07:00:00,641,29.1,0.573
2026-01-17 08:00:00,601,29.2,0.595
2026-01-17 09:00:00,644,21.1,0.562
2026-01-17 10:00:00,382,40.2,0.174
2026-01-17 11:00:00,329,39.0,0.203
2026-01-17 12:00:00,346,31.5,0.191
2026-01-17 13:00:00,293,45.1,0.048
2026-01-17 14:00:00,292,47.5,0.079
2026-01-17 15:00:00,201,50.9,0.0
2026-01-17 16:00:00,480,36.6,0.217
2026-01-17 17:00:00,495,34.9,0.332
2026-01-17 18:00:00,529,38.8,0.427
2026-01-17 19:00:00,199,51.8,0.0
2026-01-17 20:00:00,262,47.4,0.031
2026-01-17 21:00:00,227,40.3,0.021
2026-01-17 22:00:00,253,44.0,0.0
2026-01-17 23:00:00,329,42.2,0.069
2026-01-18 00:00:00,180,38.5,0.0
2026-01-18 01:00:00,243,45.4,0.0
2026-01-18 02:00:00,251,52.3,0.0
2026-01-18 03:00:00,217,47.0,0.0
2026-01-18 04:00:00,329,46.4,0.234
2026-01-18 05:00:00,422,38.0,0.153
2026-01-18 06:00:00,363,39.0,0.154
2026-01-18 07:00:00,649,30.8,0.614
2026-01-18 08:00:00,695,24.4,0.646
2026-01-18 09:00:00,696,23.8,0.731
2026-01-18 10:00:00,336,45.3,0.173
2026-01-18 11:00:00,402,43.4,0.231
2026-01-18 12:00:00,306,37.3,0.073
2026-01-18 13:00:00,229,47.9,0.0
2026-01-18 14:00:00,224,43.8,0.0
2026-01-18 15:00:00,155,47.9,0.0
2026-01-18 16:00:00,437,38.5,0.278
2026-01-18 17:00:00,461,39.8,0.337
2026-01-18 18:00:00,528,33.9,0.465
2026-01-18 19:00:00,326,46.2,0.055
2026-01-18 20:00:00,148,48.1,0.0
2026-01-18 21:00:00,267,45.2,0.0
2026-01-18 22:00:00,198,41.7,0.0
2026-01-18 23:00:00,308,49.9,0.102
2026-01-19 00:00:00,412,39.5,0.274
2026-01-19 01:00:00,331,43.3,0.053
2026-01-19 02:00:00,516,27.5,0.498
2026-01-19 03:00:00,440,33.3,0.262
2026-01-19 04:00:00,457,41.0,0.327
2026-01-19 05:00:00,433,38.0,0.324
2026-01-19 06:00:00,461,28.2,0.275
2026-01-19 07:00:00,783,28.7,0.793
2026-01-19 08:00:00,738,24.0,0.76
2026-01-19 09:00:00,756,31.2,0.921
2026-01-19 10:00:00,482,34.8,0.372
2026-01-19 11:00:00,520,34.6,0.496
2026-01-19 12:00:00,399,42.8,0.29
2026-01-19 13:00:00,311,37.5,0.112
2026-01-19 14:00:00,444,32.5,0.249
2026-01-19 15:00:00,344,39.2,0.198
2026-01-19 16:00:00,678,31.6,0.584
2026-01-19 17:00:00,626,24.8,0.659
2026-01-19 18:00:00,592,24.6,0.536
2026-01-19 19:00:00,364,42.6,0.043
2026-01-19 20:00:00,468,33.2,0.318
2026-01-19 21:00:00,488,33.4,0.399
2026-01-19 22:00:00,384,31.1,0.194
2026-01-19 23:00:00,409,35.0,0.28
2026-01-20 00:00:00,485,35.0,0.319
2026-01-20 01:00:00,390,42.1,0.15
2026-01-20 02:00:00,480,32.1,0.35
2026-01-20 03:00:00,475,42.0,0.348
2026-01-20 04:00:00,508,31.5,0.38
2026-01-20 05:00:00,447,33.6,0.364
2026-01-20 06:00:00,405,44.0,0.196
2026-01-20 07:00:00,633,30.7,0.605
2026-01-20 08:00:00,682,25.9,0.668
2026-01-20 09:00:00,709,26.6,0.628
2026-01-20 10:00:00,442,41.9,0.229
2026-01-20 11:00:00,557,38.4,0.473
2026-01-20 12:00:00,486,31.7,0.462
2026-01-20 13:00:00,342,39.9,0.171
2026-01-20 14:00:00,401,38.3,0.146
2026-01-20 15:00:00,339,36.2,0.0
2026-01-20 16:00:00,594,31.0,0.566
2026-01-20 17:00:00,614,30.5,0.555
2026-01-20 18:00:00,637,34.3,0.652
2026-01-20 19:00:00,322,45.6,0.067
2026-01-20 20:00:00,415,36.2,0.271
2026-01-20 21:00:00,295,40.8,0.112
2026-01-20 22:00:00,380,41.4,0.178
2026-01-20 23:00:00,555,30.2,0.448
2026-01-21 00:00:00,433,39.2,0.283
2026-01-21 01:00:00,527,33.2,0.453
2026-01-21 02:00:00,465,31.8,0.33
2026-01-21 03:00:00,511,30.3,0.45
2026-01-21 04:00:00,486,40.8,0.34
2026-01-21 05:00:00,487,34.3,0.298
2026-01-21 06:00:00,453,42.7,0.411
2026-01-21 07:00:00,783,22.5,0.79
2026-01-21 08:00:00,698,28.7,0.661
2026-01-21 09:00:00,777,34.4,0.807
2026-01-21 10:00:00,525,29.4,0.426
2026-01-21 11:00:00,463,28.2,0.308
2026-01-21 12:00:00,403,43.0,0.235
2026-01-21 13:00:00,427,33.7,0.27
2026-01-21 14:00:00,361,39.3,0.18
2026-01-21 15:00:00,420,35.0,0.144
2026-01-21 16:00:00,501,35.5,0.48
2026-01-21 17:00:00,583,27.8,0.505
2026-01-21 18:00:00,481,34.4,0.384
2026-01-21 19:00:00,253,44.9,0.0
2026-01-21 20:00:00,433,32.8,0.258
2026-01-21 21:00:00,417,34.6,0.223
2026-01-21 22:00:00,337,38.8,0.207
2026-01-21 23:00:00,309,35.5,0.061
2026-01-22 00:00:00,242,41.8,0.026
2026-01-22 01:00:00,408,38.2,0.211
2026-01-22 02:00:00,605,29.2,0.524
2026-01-22 03:00:00,503,33.3,0.377
2026-01-22 04:00:00,456,36.0,0.381
2026-01-22 05:00:00,525,31.0,0.329
2026-01-22 06:00:00,406,40.6,0.174
2026-01-22 07:00:00,739,31.9,0.655
2026-01-22 08:00:00,755,23.7,0.723
2026-01-22 09:00:00,731,28.4,0.699
2026-01-22 10:00:00,507,33.3,0.315
2026-01-22 11:00:00,461,37.3,0.288
2026-01-22 12:00:00,460,42.2,0.222
2026-01-22 13:00:00,358,41.5,0.115
2026-01-22 14:00:00,434,29.7,0.343
2026-01-22 15:00:00,461,37.7,0.345
2026-01-22 16:00:00,553,37.6,0.476
2026-01-22 17:00:00,549,31.9,0.41
2026-01-22 18:00:00,680,32.2,0.585
2026-01-22 19:00:00,331,37.7,0.068
2026-01-22 20:00:00,435,30.8,0.282
2026-01-22 21:00:00,337,40.8,0.177
2026-01-22 22:00:00,467,28.6,0.379
2026-01-22 23:00:00,407,36.8,0.273
2026-01-23 00:00:00,435,41.9,0.248
2026-01-23 01:00:00,535,25.6,0.44
2026-01-23 02:00:00,438,31.6,0.273
2026-01-23 03:00:00,420,33.2,0.251
2026-01-23 04:00:00,462,35.6,0.428
2026-01-23 05:00:00,524,32.2,0.333
2026-01-23 06:00:00,406,43.4,0.228
2026-01-23 07:00:00,796,28.0,0.901
2026-01-23 08:00:00,717,28.9,0.645
2026-01-23 09:00:00,805,24.4,0.822
2026-01-23 10:00:00,316,42.5,0.075
2026-01-23 11:00:00,394,34.8,0.21
2026-01-23 12:00:00,319,44.3,0.026
2026-01-23 13:00:00,350,35.3,0.184
2026-01-23 14:00:00,395,41.5,0.256
2026-01-23 15:00:00,353,44.4,0.184
2026-01-23 16:00:00,596,32.0,0.489
2026-01-23 17:00:00,593,30.5,0.532
2026-01-23 18:00:00,612,32.2,0.512
2026-01-23 19:00:00,282,30.7,0.033
2026-01-23 20:00:00,393,39.5,0.328
2026-01-23 21:00:00,403,37.4,0.24
2026-01-23 22:00:00,403,37.7,0.176
2026-01-23 23:00:00,433,39.7,0.291
2026-01-24 00:00:00,318,40.6,0.037
2026-01-24 01:00:00,443,31.9,0.237
2026-01-24 02:00:00,335,39.7,0.079
2026-01-24 03:00:00,338,40.4,0.113
2026-01-24 04:00:00,324,41.1,0.161
2026-01-24 05:00:00,315,41.6,0.129
2026-01-24 06:00:00,305,45.5,0.111
2026-01-24 07:00:00,584,27.2,0.459
2026-01-24 08:00:00,625,30.8,0.55
2026-01-24 09:00:00,637,34.9,0.609
2026-01-24 10:00:00,343,33.1,0.112
2026-01-24 11:00:00,275,43.1,0.025
2026-01-24 12:00:00,354,37.3,0.182
2026-01-24 13:00:00,324,39.2,0.096
2026-01-24 14:00:00,250,39.6,0.011
2026-01-24 15:00:00,204,44.2,0.009
2026-01-24 16:00:00,524,41.0,0.413
2026-01-24 17:00:00,494,29.7,0.434
2026-01-24 18:00:00,393,33.6,0.248
2026-01-24 19:00:00,219,39.1,0.0
2026-01-24 20:00:00,246,50.3,0.0
2026-01-24 21:00:00,189,43.5,0.0
2026-01-24 22:00:00,271,42.4,0.0
2026-01-24 23:00:00,192,43.7,0.0
2026-01-25 00:00:00,380,34.9,0.231
2026-01-25 01:00:00,396,37.2,0.287
2026-01-25 02:00:00,325,50.5,0.131
2026-01-25 03:00:00,378,44.3,0.175
2026-01-25 04:00:00,225,40.7,0.0
2026-01-25 05:00:00,308,43.8,0.093
2026-01-25 06:00:00,362,36.0,0.174
2026-01-25 07:00:00,573,24.8,0.506
2026-01-25 08:00:00,672,32.6,0.755
2026-01-25 09:00:00,736,30.9,0.81
2026-01-25 10:00:00,269,46.8,0.068
2026-01-25 11:00:00,270,40.7,0.0
2026-01-25 12:00:00,314,40.3,0.073
2026-01-25 13:00:00,376,41.8,0.189
2026-01-25 14:00:00,187,47.0,0.0
2026-01-25 15:00:00,258,41.4,0.037
2026-01-25 16:00:00,600,24.5,0.556
2026-01-25 17:00:00,384,39.0,0.152
2026-01-25 18:00:00,403,42.2,0.295
2026-01-25 19:00:00,197,40.3,0.0
2026-01-25 20:00:00,199,47.6,0.0
2026-01-25 21:00:00,292,43.1,0.062
2026-01-25 22:00:00,274,45.4,0.051
2026-01-25 23:00:00,173,49.4,0.0
2026-01-26 00:00:00,451,33.4,0.292
2026-01-26 01:00:00,406,31.3,0.281
2026-01-26 02:00:00,536,31.1,0.449
2026-01-26 03:00:00,439,40.2,0.225
2026-01-26 04:00:00,451,34.0,0.238
2026-01-26 05:00:00,530,30.7,0.487
2026-01-26 06:00:00,546,25.6,0.515
2026-01-26 07:00:00,784,31.6,0.838
2026-01-26 08:00:00,648,32.6,0.687
2026-01-26 09:00:00,769,28.2,0.851
2026-01-26 10:00:00,398,41.9,0.262
2026-01-26 11:00:00,455,38.4,0.27
2026-01-26 12:00:00,335,39.3,0.217
2026-01-26 13:00:00,426,36.4,0.298
2026-01-26 14:00:00,332,38.7,0.107
2026-01-26 15:00:00,286,52.5,0.022
2026-01-26 16:00:00,654,31.3,0.634
2026-01-26 17:00:00,617,28.5,0.481
2026-01-26 18:00:00,563,34.2,0.517
2026-01-26 19:00:00,430,32.9,0.229
2026-01-26 20:00:00,324,46.7,0.132
2026-01-26 21:00:00,365,36.6,0.151
2026-01-26 22:00:00,396,40.1,0.211
2026-01-26 23:00:00,362,43.6,0.134
2026-01-27 00:00:00,448,37.9,0.297
2026-01-27 01:00:00,409,38.1,0.339
2026-01-27 02:00:00,435,36.8,0.354
2026-01-27 03:00:00,558,32.2,0.492
2026-01-27 04:00:00,427,34.7,0.271
2026-01-27 05:00:00,353,37.8,0.201
2026-01-27 06:00:00,597,37.0,0.59
2026-01-27 07:00:00,910,19.7,0.974
2026-01-27 08:00:00,725,23.5,0.727
2026-01-27 09:00:00,620,28.2,0.478
2026-01-27 10:00:00,441,41.0,0.35
2026-01-27 11:00:00,424,39.9,0.371
2026-01-27 12:00:00,409,39.9,0.249
2026-01-27 13:00:00,332,39.3,0.02
2026-01-27 14:00:00,415,39.8,0.284
2026-01-27 15:00:00,395,35.6,0.178
2026-01-27 16:00:00,521,32.7,0.384
2026-01-27 17:00:00,645,33.3,0.639
2026-01-27 18:00:00,723,30.2,0.74
2026-01-27 19:00:00,353,35.7,0.134
2026-01-27 20:00:00,330,37.0,0.091
2026-01-27 21:00:00,355,40.0,0.168
2026-01-27 22:00:00,417,44.3,0.236
2026-01-27 23:00:00,295,34.0,0.014
2026-01-28 00:00:00,430,38.1,0.26
2026-01-28 01:00:00,417,31.9,0.274
2026-01-28 02:00:00,571,29.5,0.485
2026-01-28 03:00:00,466,34.2,0.262
2026-01-28 04:00:00,589,29.7,0.571
2026-01-28 05:00:00,431,34.8,0.142
2026-01-28 06:00:00,535,33.3,0.416
2026-01-28 07:00:00,776,22.7,0.778
2026-01-28 08:00:00,697,21.8,0.695
2026-01-28 09:00:00,747,29.0,0.793
2026-01-28 10:00:00,533,36.4,0.492
2026-01-28 11:00:00,421,40.6,0.227
2026-01-28 12:00:00,318,34.7,0.134
2026-01-28 13:00:00,398,39.3,0.237
2026-01-28 14:00:00,326,43.3,0.031
2026-01-28 15:00:00,343,35.9,0.238
2026-01-28 16:00:00,606,30.8,0.476
2026-01-28 17:00:00,500,34.0,0.406
2026-01-28 18:00:00,503,41.8,0.409
2026-01-28 19:00:00,372,46.7,0.201
2026-01-28 20:00:00,319,34.2,0.081
2026-01-28 21:00:00,210,54.6,0.0
2026-01-28 22:00:00,427,33.4,0.194
2026-01-28 23:00:00,416,41.4,0.252
2026-01-29 00:00:00,377,42.7,0.167
2026-01-29 01:00:00,362,35.3,0.138
2026-01-29 02:00:00,510,36.1,0.421
2026-01-29 03:00:00,498,34.1,0.435
2026-01-29 04:00:00,632,32.1,0.571
2026-01-29 05:00:00,522,34.7,0.457
2026-01-29 06:00:00,523,38.5,0.422
2026-01-29 07:00:00,747,26.2,0.72
2026-01-29 08:00:00,798,23.4,0.83
2026-01-29 09:00:00,774,29.3,0.791
2026-01-29 10:00:00,535,35.6,0.404
2026-01-29 11:00:00,409,40.6,0.266
2026-01-29 12:00:00,394,35.6,0.233
2026-01-29 13:00:00,371,34.8,0.107
2026-01-29 14:00:00,427,34.8,0.19
2026-01-29 15:00:00,453,33.7,0.334
2026-01-29 16:00:00,583,34.7,0.472
2026-01-29 17:00:00,577,35.7,0.518
2026-01-29 18:00:00,619,29.7,0.607
2026-01-29 19:00:00,328,46.2,0.056
2026-01-29 20:00:00,408,43.2,0.173
2026-01-29 21:00:00,228,45.0,0.05
2026-01-29 22:00:00,330,37.2,0.141
2026-01-29 23:00:00,352,46.0,0.136
2026-01-30 00:00:00,281,41.9,0.001
2026-01-30 01:00:00,383,39.1,0.179
2026-01-30 02:00:00,405,36.5,0.179
2026-01-30 03:00:00,465,32.2,0.375
2026-01-30 04:00:00,556,26.7,0.432
2026-01-30 05:00:00,483,37.6,0.413
2026-01-30 06:00:00,438,33.5,0.269
2026-01-30 07:00:00,754,37.8,0.723
2026-01-30 08:00:00,812,19.2,0.843
2026-01-30 09:00:00,678,23.2,0.527
2026-01-30 10:00:00,405,39.9,0.232
2026-01-30 11:00:00,474,41.5,0.336
2026-01-30 12:00:00,407,38.0,0.283
2026-01-30 13:00:00,438,39.0,0.195
2026-01-30 14:00:00,379,31.4,0.257
2026-01-30 15:00:00,406,35.1,0.281
2026-01-30 16:00:00,549,28.5,0.523
2026-01-30 17:00:00,602,23.3,0.539
2026-01-30 18:00:00,587,31.9,0.569
2026-01-30 19:00:00,270,33.6,0.0
2026-01-30 20:00:00,257,37.7,0.046
2026-01-30 21:00:00,405,35.7,0.2
2026-01-30 22:00:00,359,36.1,0.085
2026-01-30 23:00:00,338,41.8,0.079
2026-01-31 00:00:00,294,42.9,0.068
2026-01-31 01:00:00,388,42.0,0.171
2026-01-31 02:00:00,203,47.9,0.0
2026-01-31 03:00:00,267,47.2,0.0
2026-01-31 04:00:00,314,41.0,0.0
2026-01-31 05:00:00,465,36.9,0.399
2026-01-31 06:00:00,397,40.2,0.271
2026-01-31 07:00:00,683,28.7,0.614
2026-01-31 08:00:00,561,30.8,0.478
2026-01-31 09:00:00,549,31.5,0.511
2026-01-31 10:00:00,367,35.9,0.201
2026-01-31 11:00:00,324,42.3,0.121
2026-01-31 12:00:00,333,40.0,0.182
2026-01-31 13:00:00,268,40.0,0.0
2026-01-31 14:00:00,277,39.7,0.043
2026-01-31 15:00:00,253,38.3,0.004
2026-01-31 16:00:00,537,37.1,0.428
2026-01-31 17:00:00,531,33.7,0.413
2026-01-31 18:00:00,383,35.1,0.208
2026-01-31 19:00:00,88,52.2,0.0
2026-01-31 20:00:00,291,39.6,0.011
2026-01-31 21:00:00,315,35.3,0.14
2026-01-31 22:00:00,199,49.1,0.0
2026-01-31 23:00:00,168,44.0,0.0
2026-02-01 00:00:00,306,39.7,0.071
2026-02-01 01:00:00,377,39.0,0.213
2026-02-01 02:00:00,448,40.9,0.199
2026-02-01 03:00:00,388,38.5,0.257
2026-02-01 04:00:00,347,35.1,0.115
2026-02-01 05:00:00,324,42.8,0.175
2026-02-01 06:00:00,381,36.7,0.178
2026-02-01 07:00:00,619,37.9,0.565
2026-02-01 08:00:00,568,32.1,0.585
2026-02-01 09:00:00,739,17.2,0.738
2026-02-01 10:00:00,447,37.8,0.365
2026-02-01 11:00:00,389,46.2,0.216
2026-02-01 12:00:00,245,49.7,0.013
2026-02-01 13:00:00,331,47.7,0.128
2026-02-01 14:00:00,298,37.5,0.116
2026-02-01 15:00:00,270,46.2,0.0
2026-02-01 16:00:00,566,29.3,0.437
2026-02-01 17:00:00,521,34.7,0.385
2026-02-01 18:00:00,524,28.6,0.427
2026-02-01 19:00:00,261,40.3,0.006
2026-02-01 20:00:00,251,40.5,0.037
2026-02-01 21:00:00,136,50.8,0.0
2026-02-01 22:00:00,265,45.9,0.0
2026-02-01 23:00:00,246,44.5,0.0
2026-02-02 00:00:00,343,34.6,0.071
2026-02-02 01:00:00,542,31.8,0.551
2026-02-02 02:00:00,564,29.3,0.498
2026-02-02 03:00:00,558,35.9,0.498
2026-02-02 04:00:00,505,39.0,0.325
2026-02-02 05:00:00,578,36.0,0.505
2026-02-02 06:00:00,501,31.4,0.412
2026-02-02 07:00:00,769,14.1,0.786
2026-02-02 08:00:00,684,21.0,0.721
2026-02-02 09:00:00,760,31.1,0.9
2026-02-02 10:00:00,464,34.2,0.282
2026-02-02 11:00:00,363,36.3,0.123
2026-02-02 12:00:00,417,44.0,0.213
2026-02-02 13:00:00,395,43.2,0.303
2026-02-02 14:00:00,488,35.0,0.418
2026-02-02 15:00:00,417,36.2,0.25
2026-02-02 16:00:00,611,30.1,0.557
2026-02-02 17:00:00,618,31.3,0.525
2026-02-02 18:00:00,603,37.3,0.588
2026-02-02 19:00:00,331,42.1,0.106
2026-02-02 20:00:00,286,44.9,0.042
2026-02-02 21:00:00,354,44.3,0.19
2026-02-02 22:00:00,335,35.6,0.121
2026-02-02 23:00:00,324,43.7,0.102
2026-02-03 00:00:00,451,35.0,0.31
2026-02-03 01:00:00,464,25.7,0.369
2026-02-03 02:00:00,353,31.1,0.241
2026-02-03 03:00:00,469,31.5,0.366
2026-02-03 04:00:00,549,34.9,0.5
2026-02-03 05:00:00,561,32.8,0.468
2026-02-03 06:00:00,562,33.1,0.445
2026-02-03 07:00:00,760,33.2,0.817
2026-02-03 08:00:00,699,22.5,0.699
2026-02-03 09:00:00,672,28.4,0.578
2026-02-03 10:00:00,481,36.4,0.339
2026-02-03 11:00:00,463,32.8,0.324
2026-02-03 12:00:00,497,34.7,0.354
2026-02-03 13:00:00,465,29.3,0.405
2026-02-03 14:00:00,372,44.6,0.212
2026-02-03 15:00:00,289,39.2,0.129
2026-02-03 16:00:00,592,39.4,0.539
2026-02-03 17:00:00,616,30.3,0.567
2026-02-03 18:00:00,588,35.5,0.473
2026-02-03 19:00:00,308,41.0,0.09
2026-02-03 20:00:00,366,39.1,0.179
2026-02-03 21:00:00,333,38.0,0.059
2026-02-03 22:00:00,342,40.5,0.115
2026-02-03 23:00:00,418,38.6,0.242
2026-02-04 00:00:00,396,35.0,0.245
2026-02-04 01:00:00,455,35.6,0.338
2026-02-04 02:00:00,476,32.9,0.319
2026-02-04 03:00:00,408,46.9,0.267
2026-02-04 04:00:00,460,35.5,0.314
2026-02-04 05:00:00,584,37.7,0.37
2026-02-04 06:00:00,430,36.2,0.253
2026-02-04 07:00:00,630,31.0,0.639
2026-02-04 08:00:00,638,24.4,0.513
2026-02-04 09:00:00,738,24.4,0.756
2026-02-04 10:00:00,462,36.7,0.405
2026-02-04 11:00:00,434,43.2,0.245
2026-02-04 12:00:00,493,35.6,0.374
2026-02-04 13:00:00,239,49.2,0.0
2026-02-04 14:00:00,404,40.4,0.318
2026-02-04 15:00:00,457,42.5,0.314
2026-02-04 16:00:00,543,32.8,0.453
2026-02-04 17:00:00,580,41.3,0.575
2026-02-04 18:00:00,555,30.6,0.502
2026-02-04 19:00:00,289,38.8,0.016
2026-02-04 20:00:00,331,35.6,0.092
2026-02-04 21:00:00,449,45.6,0.331
2026-02-04 22:00:00,490,38.1,0.338
2026-02-04 23:00:00,379,37.4,0.093
2026-02-05 00:00:00,534,38.3,0.434
2026-02-05 01:00:00,443,39.2,0.223
2026-02-05 02:00:00,565,40.1,0.565
2026-02-05 03:00:00,471,29.3,0.349
2026-02-05 04:00:00,497,33.5,0.335
2026-02-05 05:00:00,519,32.0,0.379
2026-02-05 06:00:00,691,19.9,0.584
2026-02-05 07:00:00,808,28.0,0.803
2026-02-05 08:00:00,707,26.2,0.754
2026-02-05 09:00:00,795,27.1,0.95
2026-02-05 10:00:00,438,46.1,0.326
2026-02-05 11:00:00,411,36.2,0.243
2026-02-05 12:00:00,475,33.7,0.325
2026-02-05 13:00:00,401,38.4,0.184
2026-02-05 14:00:00,397,42.1,0.329
2026-02-05 15:00:00,364,37.0,0.166
2026-02-05 16:00:00,631,27.4,0.692
2026-02-05 17:00:00,628,34.2,0.651
2026-02-05 18:00:00,484,36.6,0.273
2026-02-05 19:00:00,383,30.4,0.171
2026-02-05 20:00:00,292,36.9,0.031
2026-02-05 21:00:00,277,48.3,0.038
2026-02-05 22:00:00,376,40.4,0.191
2026-02-05 23:00:00,404,34.8,0.387
2026-02-06 00:00:00,378,38.1,0.143
2026-02-06 01:00:00,491,34.9,0.382
2026-02-06 02:00:00,379,41.7,0.229
2026-02-06 03:00:00,452,30.7,0.311
2026-02-06 04:00:00,454,32.7,0.319
2026-02-06 05:00:00,494,35.8,0.323
2026-02-06 06:00:00,517,33.5,0.416
2026-02-06 07:00:00,697,29.9,0.713
2026-02-06 08:00:00,793,19.3,0.852
2026-02-06 09:00:00,740,27.5,0.782
2026-02-06 10:00:00,346,44.3,0.218
2026-02-06 11:00:00,323,42.6,0.159
2026-02-06 12:00:00,419,37.9,0.264
2026-02-06 13:00:00,386,38.1,0.151
2026-02-06 14:00:00,374,35.6,0.161
2026-02-06 15:00:00,362,39.0,0.161
2026-02-06 16:00:00,624,35.2,0.588
2026-02-06 17:00:00,660,28.4,0.607
2026-02-06 18:00:00,533,29.8,0.389
2026-02-06 19:00:00,272,40.5,0.0
2026-02-06 20:00:00,285,42.8,0.0
2026-02-06 21:00:00,381,37.2,0.19
2026-02-06 22:00:00,455,38.0,0.242
2026-02-06 23:00:00,373,41.0,0.139
2026-02-07 00:00:00,150,50.3,0.0
2026-02-07 01:00:00,218,50.1,0.0
2026-02-07 02:00:00,290,45.8,0.081
2026-02-07 03:00:00,323,37.0,0.149
2026-02-07 04:00:00,345,36.3,0.119
2026-02-07 05:00:00,380,38.4,0.178
2026-02-07 06:00:00,361,37.6,0.198
2026-02-07 07:00:00,700,22.9,0.657
2026-02-07 08:00:00,589,29.6,0.482
2026-02-07 09:00:00,565,30.3,0.544
2026-02-07 10:00:00,369,36.4,0.227
2026-02-07 11:00:00,229,42.7,0.0
2026-02-07 12:00:00,323,45.4,0.159
2026-02-07 13:00:00,285,42.8,0.0
2026-02-07 14:00:00,251,53.1,0.069
2026-02-07 15:00:00,339,40.8,0.157
2026-02-07 16:00:00,453,35.0,0.363
2026-02-07 17:00:00,606,30.8,0.567
2026-02-07 18:00:00,466,36.7,0.335
2026-02-07 19:00:00,146,48.6,0.0
2026-02-07 20:00:00,235,52.1,0.0
2026-02-07 21:00:00,179,42.4,0.0
2026-02-07 22:00:00,215,47.9,0.0
2026-02-07 23:00:00,303,42.2,0.002
2026-02-08 00:00:00,333,34.1,0.101
2026-02-08 01:00:00,283,45.2,0.153
2026-02-08 02:00:00,399,43.1,0.198
2026-02-08 03:00:00,426,33.7,0.259
2026-02-08 04:00:00,455,36.0,0.271
2026-02-08 05:00:00,409,30.8,0.261
2026-02-08 06:00:00,462,30.8,0.289
2026-02-08 07:00:00,524,37.9,0.412
2026-02-08 08:00:00,610,28.8,0.596
2026-02-08 09:00:00,565,27.8,0.45
2026-02-08 10:00:00,347,40.8,0.189
2026-02-08 11:00:00,286,39.9,0.096
2026-02-08 12:00:00,290,40.0,0.114
2026-02-08 13:00:00,392,41.2,0.225
2026-02-08 14:00:00,250,38.6,0.162
2026-02-08 15:00:00,268,39.0,0.08
2026-02-08 16:00:00,477,35.9,0.365
2026-02-08 17:00:00,487,38.8,0.321
2026-02-08 18:00:00,480,40.2,0.349
2026-02-08 19:00:00,250,40.6,0.071
2026-02-08 20:00:00,301,45.2,0.164
2026-02-08 21:00:00,342,36.9,0.215
2026-02-08 22:00:00,279,49.5,0.084
2026-02-08 23:00:00,315,36.4,0.037
2026-02-09 00:00:00,351,45.0,0.18
2026-02-09 01:00:00,435,34.1,0.223
2026-02-09 02:00:00,516,42.0,0.335
2026-02-09 03:00:00,529,35.9,0.441
2026-02-09 04:00:00,502,30.4,0.414
2026-02-09 05:00:00,550,30.7,0.507
2026-02-09 06:00:00,529,36.6,0.454
2026-02-09 07:00:00,829,27.2,0.917
2026-02-09 08:00:00,767,24.9,0.746
2026-02-09 09:00:00,715,27.2,0.71
2026-02-09 10:00:00,480,38.2,0.278
2026-02-09 11:00:00,265,43.3,0.0
2026-02-09 12:00:00,443,31.3,0.334
2026-02-09 13:00:00,180,42.4,0.0
2026-02-09 14:00:00,277,43.2,0.085
2026-02-09 15:00:00,391,43.2,0.272
2026-02-09 16:00:00,639,36.1,0.567
2026-02-09 17:00:00,533,36.5,0.465
2026-02-09 18:00:00,557,33.7,0.439
2026-02-09 19:00:00,425,40.1,0.177
2026-02-09 20:00:00,322,38.1,0.117
2026-02-09 21:00:00,498,34.0,0.358
2026-02-09 22:00:00,380,35.4,0.178
2026-02-09 23:00:00,424,32.2,0.366
2026-02-10 00:00:00,517,35.2,0.334
2026-02-10 01:00:00,449,37.0,0.325
2026-02-10 02:00:00,400,40.8,0.181
2026-02-10 03:00:00,470,37.7,0.384
2026-02-10 04:00:00,487,35.9,0.38
2026-02-10 05:00:00,415,39.7,0.273
2026-02-10 06:00:00,485,34.9,0.314
2026-02-10 07:00:00,713,28.7,0.674
2026-02-10 08:00:00,805,20.9,0.9
2026-02-10 09:00:00,739,27.6,0.841
2026-02-10 10:00:00,443,39.2,0.321
2026-02-10 11:00:00,434,34.1,0.238
2026-02-10 12:00:00,433,37.1,0.298
2026-02-10 13:00:00,436,34.2,0.408
2026-02-10 14:00:00,320,38.7,0.113
2026-02-10 15:00:00,301,37.0,0.152
2026-02-10 16:00:00,677,33.4,0.62
2026-02-10 17:00:00,578,36.0,0.503
2026-02-10 18:00:00,515,36.1,0.439
2026-02-10 19:00:00,369,47.0,0.203
2026-02-10 20:00:00,379,38.0,0.16
2026-02-10 21:00:00,272,54.6,0.0
2026-02-10 22:00:00,394,37.3,0.271
2026-02-10 23:00:00,443,37.5,0.357
2026-02-11 00:00:00,442,34.9,0.371
2026-02-11 01:00:00,479,36.7,0.443
2026-02-11 02:00:00,376,42.2,0.201
2026-02-11 03:00:00,496,34.2,0.363
2026-02-11 04:00:00,471,42.6,0.408
2026-02-11 05:00:00,468,36.6,0.371
2026-02-11 06:00:00,552,33.8,0.415
2026-02-11 07:00:00,846,18.8,0.865
2026-02-11 08:00:00,857,23.7,0.958
2026-02-11 09:00:00,815,22.9,0.86
2026-02-11 10:00:00,453,33.7,0.311
2026-02-11 11:00:00,462,32.7,0.38
2026-02-11 12:00:00,466,46.4,0.37
2026-02-11 13:00:00,407,36.7,0.308
2026-02-11 14:00:00,388,32.6,0.116
2026-02-11 15:00:00,413,34.8,0.263
2026-02-11 16:00:00,607,30.5,0.584
2026-02-11 17:00:00,559,34.6,0.399
2026-02-11 18:00:00,575,34.1,0.467
2026-02-11 19:00:00,381,41.4,0.16
2026-02-11 20:00:00,351,37.1,0.156
2026-02-11 21:00:00,384,39.9,0.288
2026-02-11 22:00:00,420,33.8,0.363
2026-02-11 23:00:00,377,36.3,0.155
2026-02-12 00:00:00,465,32.1,0.357
2026-02-12 01:00:00,463,31.0,0.356
2026-02-12 02:00:00,386,42.7,0.229
2026-02-12 03:00:00,563,35.0,0.501
2026-02-12 04:00:00,459,39.8,0.337
2026-02-12 05:00:00,398,38.2,0.312
2026-02-12 06:00:00,437,39.8,0.343
2026-02-12 07:00:00,696,20.6,0.633
2026-02-12 08:00:00,752,29.1,0.812
2026-02-12 09:00:00,720,27.5,0.768
2026-02-12 10:00:00,440,39.1,0.308
2026-02-12 11:00:00,478,36.8,0.407
2026-02-12 12:00:00,440,32.7,0.302
2026-02-12 13:00:00,418,31.4,0.268
2026-02-12 14:00:00,405,35.0,0.245
2026-02-12 15:00:00,400,40.3,0.13
2026-02-12 16:00:00,484,37.8,0.356
2026-02-12 17:00:00,581,26.2,0.476
2026-02-12 18:00:00,469,31.7,0.278
2026-02-12 19:00:00,345,37.0,0.218
2026-02-12 20:00:00,350,38.3,0.179
2026-02-12 21:00:00,426,31.6,0.269
2026-02-12 22:00:00,451,30.5,0.281
2026-02-12 23:00:00,411,34.3,0.263
2026-02-13 00:00:00,390,38.7,0.265
2026-02-13 01:00:00,470,30.8,0.297
2026-02-13 02:00:00,428,36.6,0.274
2026-02-13 03:00:00,476,39.6,0.391
2026-02-13 04:00:00,548,27.6,0.362
2026-02-13 05:00:00,464,34.9,0.326
2026-02-13 06:00:00,548,36.9,0.437
2026-02-13 07:00:00,798,22.4,0.836
2026-02-13 08:00:00,692,25.5,0.655
2026-02-13 09:00:00,795,28.8,0.845
2026-02-13 10:00:00,502,33.2,0.484
2026-02-13 11:00:00,447,40.8,0.287
2026-02-13 12:00:00,374,40.6,0.205
2026-02-13 13:00:00,348,38.4,0.251
2026-02-13 14:00:00,348,41.7,0.123
2026-02-13 15:00:00,396,39.4,0.315
2026-02-13 16:00:00,553,36.7,0.466
2026-02-13 17:00:00,629,27.8,0.672
2026-02-13 18:00:00,525,33.8,0.461
2026-02-13 19:00:00,330,40.2,0.138
2026-02-13 20:00:00,357,42.3,0.161
2026-02-13 21:00:00,510,30.0,0.369
2026-02-13 22:00:00,297,45.7,0.076
2026-02-13 23:00:00,488,36.8,0.411
2026-02-14 00:00:00,309,35.9,0.09
2026-02-14 01:00:00,345,44.8,0.13
2026-02-14 02:00:00,347,48.8,0.137
2026-02-14 03:00:00,383,42.6,0.254
2026-02-14 04:00:00,360,45.1,0.23
2026-02-14 05:00:00,465,36.1,0.297
2026-02-14 06:00:00,353,33.0,0.125
2026-02-14 07:00:00,705,19.9,0.719
2026-02-14 08:00:00,591,32.3,0.601
2026-02-14 09:00:00,613,28.2,0.616
2026-02-14 10:00:00,276,38.7,0.0
2026-02-14 11:00:00,348,39.6,0.138
2026-02-14 12:00:00,387,40.9,0.164
2026-02-14 13:00:00,275,36.6,0.025
2026-02-14 14:00:00,248,41.5,0.077
2026-02-14 15:00:00,177,51.8,0.0
2026-02-14 16:00:00,477,31.0,0.268
2026-02-14 17:00:00,387,41.9,0.169
2026-02-14 18:00:00,425,35.2,0.284
2026-02-14 19:00:00,236,45.9,0.009
2026-02-14 20:00:00,310,45.5,0.114
2026-02-14 21:00:00,412,40.5,0.308
2026-02-14 22:00:00,225,47.8,0.0
2026-02-14 23:00:00,365,34.6,0.236
2026-02-15 00:00:00,315,45.4,0.084
2026-02-15 01:00:00,312,37.7,0.132
2026-02-15 02:00:00,366,40.2,0.112
2026-02-15 03:00:00,360,40.4,0.169
2026-02-15 04:00:00,376,40.8,0.206
2026-02-15 05:00:00,353,41.0,0.216
2026-02-15 06:00:00,296,38.3,0.0
2026-02-15 07:00:00,545,27.5,0.455
2026-02-15 08:00:00,668,32.1,0.589
2026-02-15 09:00:00,600,31.7,0.564
2026-02-15 10:00:00,304,46.0,0.122
2026-02-15 11:00:00,321,40.6,0.174
2026-02-15 12:00:00,348,34.2,0.124
2026-02-15 13:00:00,290,45.7,0.108
2026-02-15 14:00:00,221,42.8,0.023
2026-02-15 15:00:00,317,42.3,0.021
2026-02-15 16:00:00,585,28.9,0.546
2026-02-15 17:00:00,512,40.7,0.451
2026-02-15 18:00:00,538,29.7,0.43
2026-02-15 19:00:00,297,40.3,0.012
2026-02-15 20:00:00,299,42.0,0.123
2026-02-15 21:00:00,280,37.8,0.0
2026-02-15 22:00:00,296,43.0,0.062
2026-02-15 23:00:00,310,47.6,0.09
2026-02-16 00:00:00,354,37.6,0.196
2026-02-16 01:00:00,483,36.7,0.327
2026-02-16 02:00:00,379,27.7,0.164
2026-02-16 03:00:00,429,36.8,0.28
2026-02-16 04:00:00,567,30.9,0.538
2026-02-16 05:00:00,548,29.5,0.573
2026-02-16 06:00:00,589,35.7,0.446
2026-02-16 07:00:00,741,24.8,0.771
2026-02-16 08:00:00,680,27.5,0.607
2026-02-16 09:00:00,722,25.2,0.777
2026-02-16 10:00:00,466,28.0,0.285
2026-02-16 11:00:00,445,31.9,0.266
2026-02-16 12:00:00,488,38.8,0.337
2026-02-16 13:00:00,378,30.3,0.193
2026-02-16 14:00:00,401,34.9,0.248
2026-02-16 15:00:00,304,39.8,0.107
2026-02-16 16:00:00,638,36.6,0.597
2026-02-16 17:00:00,603,34.0,0.477
2026-02-16 18:00:00,555,30.3,0.506
2026-02-16 19:00:00,329,45.7,0.119
2026-02-16 20:00:00,340,37.1,0.197
2026-02-16 21:00:00,347,43.9,0.114
2026-02-16 22:00:00,486,29.6,0.283
2026-02-16 23:00:00,393,42.5,0.218
2026-02-17 00:00:00,405,36.2,0.303
2026-02-17 01:00:00,315,36.9,0.108
2026-02-17 02:00:00,406,36.9,0.23
2026-02-17 03:00:00,461,37.0,0.281
2026-02-17 04:00:00,448,34.3,0.393
2026-02-17 05:00:00,580,33.9,0.456
2026-02-17 06:00:00,490,32.5,0.333
2026-02-17 07:00:00,835,25.3,0.929
2026-02-17 08:00:00,753,27.4,0.681
2026-02-17 09:00:00,739,25.9,0.816
2026-02-17 10:00:00,455,34.3,0.347
2026-02-17 11:00:00,441,37.2,0.339
2026-02-17 12:00:00,523,35.9,0.448
2026-02-17 13:00:00,260,51.1,0.007
2026-02-17 14:00:00,260,46.7,0.0
2026-02-17 15:00:00,331,44.3,0.118
2026-02-17 16:00:00,612,42.9,0.508
2026-02-17 17:00:00,644,31.5,0.63
2026-02-17 18:00:00,628,32.0,0.622
2026-02-17 19:00:00,320,43.6,0.182
2026-02-17 20:00:00,412,33.5,0.268
2026-02-17 21:00:00,425,35.3,0.315
2026-02-17 22:00:00,391,36.3,0.202
2026-02-17 23:00:00,457,38.6,0.295
2026-02-18 00:00:00,436,36.0,0.31
2026-02-18 01:00:00,407,38.3,0.222
2026-02-18 02:00:00,502,38.8,0.401
2026-02-18 03:00:00,483,38.5,0.305
2026-02-18 04:00:00,489,34.2,0.324
2026-02-18 05:00:00,586,28.8,0.549
2026-02-18 06:00:00,353,44.2,0.203
2026-02-18 07:00:00,672,31.6,0.6
2026-02-18 08:00:00,678,21.8,0.692
2026-02-18 09:00:00,715,25.7,0.689
2026-02-18 10:00:00,445,37.1,0.301
2026-02-18 11:00:00,350,42.9,0.225
2026-02-18 12:00:00,361,43.0,0.211
2026-02-18 13:00:00,348,41.0,0.191
2026-02-18 14:00:00,527,35.9,0.522
2026-02-18 15:00:00,472,35.7,0.306
2026-02-18 16:00:00,586,28.8,0.468
2026-02-18 17:00:00,581,30.6,0.473
2026-02-18 18:00:00,531,33.5,0.42
2026-02-18 19:00:00,228,43.9,0.0
2026-02-18 20:00:00,344,32.4,0.134
2026-02-18 21:00:00,304,39.8,0.056
2026-02-18 22:00:00,375,39.1,0.231
2026-02-18 23:00:00,303,40.3,0.099
2026-02-19 00:00:00,374,37.9,0.161
2026-02-19 01:00:00,450,38.2,0.337
2026-02-19 02:00:00,482,30.8,0.393
2026-02-19 03:00:00,502,27.9,0.349
2026-02-19 04:00:00,410,36.3,0.222
2026-02-19 05:00:00,549,35.8,0.349
2026-02-19 06:00:00,452,42.9,0.256
2026-02-19 07:00:00,795,27.3,0.801
2026-02-19 08:00:00,749,19.9,0.771
2026-02-19 09:00:00,654,28.2,0.574
2026-02-19 10:00:00,441,37.6,0.268
2026-02-19 11:00:00,463,36.5,0.266
2026-02-19 12:00:00,457,38.2,0.327
2026-02-19 13:00:00,391,34.6,0.238
2026-02-19 14:00:00,472,35.7,0.362
2026-02-19 15:00:00,424,38.8,0.268
2026-02-19 16:00:00,595,34.5,0.454
2026-02-19 17:00:00,648,26.1,0.581
2026-02-19 18:00:00,716,25.6,0.697
2026-02-19 19:00:00,460,25.1,0.303
2026-02-19 20:00:00,277,39.8,0.045
2026-02-19 21:00:00,308,39.1,0.161
2026-02-19 22:00:00,469,31.5,0.378
2026-02-19 23:00:00,336,40.9,0.083
2026-02-20 00:00:00,341,39.8,0.174
2026-02-20 01:00:00,412,28.5,0.281
2026-02-20 02:00:00,485,35.9,0.321
2026-02-20 03:00:00,470,31.8,0.381
2026-02-20 04:00:00,450,38.2,0.3
2026-02-20 05:00:00,457,30.9,0.248
2026-02-20 06:00:00,457,36.1,0.341
2026-02-20 07:00:00,705,26.2,0.711
2026-02-20 08:00:00,886,22.2,0.967
2026-02-20 09:00:00,754,26.1,0.774
2026-02-20 10:00:00,513,33.0,0.369
2026-02-20 11:00:00,411,31.5,0.278
2026-02-20 12:00:00,409,31.8,0.242
2026-02-20 13:00:00,356,37.2,0.171
2026-02-20 14:00:00,221,44.2,0.0
2026-02-20 15:00:00,281,39.7,0.0
2026-02-20 16:00:00,502,36.9,0.343
2026-02-20 17:00:00,468,34.5,0.225
2026-02-20 18:00:00,528,29.7,0.456
2026-02-20 19:00:00,422,36.1,0.204
2026-02-20 20:00:00,348,40.7,0.157
2026-02-20 21:00:00,441,37.9,0.312
2026-02-20 22:00:00,405,45.3,0.269
2026-02-20 23:00:00,446,33.7,0.241
2026-02-21 00:00:00,246,43.1,0.0
2026-02-21 01:00:00,352,41.4,0.24
2026-02-21 02:00:00,384,38.5,0.292
2026-02-21 03:00:00,322,38.7,0.16
2026-02-21 04:00:00,403,31.7,0.252
2026-02-21 05:00:00,411,35.6,0.197
2026-02-21 06:00:00,347,35.6,0.185
2026-02-21 07:00:00,570,25.1,0.484
2026-02-21 08:00:00,558,29.3,0.502
2026-02-21 09:00:00,622,26.0,0.541
2026-02-21 10:00:00,360,41.7,0.161
2026-02-21 11:00:00,273,44.8,0.044
2026-02-21 12:00:00,302,37.8,0.092
2026-02-21 13:00:00,314,40.0,0.123
2026-02-21 14:00:00,297,34.2,0.043
2026-02-21 15:00:00,337,38.2,0.067
2026-02-21 16:00:00,567,33.8,0.569
2026-02-21 17:00:00,423,40.5,0.391
2026-02-21 18:00:00,581,28.8,0.532
2026-02-21 19:00:00,191,49.5,0.0
2026-02-21 20:00:00,293,35.7,0.027
2026-02-21 21:00:00,248,38.3,0.022
2026-02-21 22:00:00,235,46.6,0.044
2026-02-21 23:00:00,171,52.7,0.0
2026-02-22 00:00:00,290,43.8,0.055
2026-02-22 01:00:00,227,43.9,0.0
2026-02-22 02:00:00,398,29.3,0.271
2026-02-22 03:00:00,448,28.2,0.287
2026-02-22 04:00:00,321,41.3,0.031
2026-02-22 05:00:00,395,36.7,0.254
2026-02-22 06:00:00,336,35.8,0.189
2026-02-22 07:00:00,600,31.3,0.534
2026-02-22 08:00:00,676,28.8,0.676
2026-02-22 09:00:00,614,34.3,0.536
2026-02-22 10:00:00,444,37.0,0.256
2026-02-22 11:00:00,292,46.7,0.116
2026-02-22 12:00:00,360,39.4,0.189
2026-02-22 13:00:00,285,41.6,0.078
2026-02-22 14:00:00,308,45.5,0.164
2026-02-22 15:00:00,217,40.5,0.0
2026-02-22 16:00:00,488,46.2,0.339
2026-02-22 17:00:00,476,36.8,0.356
2026-02-22 18:00:00,430,38.5,0.249
2026-02-22 19:00:00,262,44.9,0.058
2026-02-22 20:00:00,270,50.1,0.021
2026-02-22 21:00:00,279,45.4,0.0
2026-02-22 22:00:00,352,33.3,0.16
2026-02-22 23:00:00,366,44.8,0.187
2026-02-23 00:00:00,398,36.7,0.274
2026-02-23 01:00:00,463,36.2,0.347
2026-02-23 02:00:00,423,32.1,0.289
2026-02-23 03:00:00,478,37.4,0.367
2026-02-23 04:00:00,453,33.5,0.303
2026-02-23 05:00:00,594,31.6,0.493
2026-02-23 06:00:00,522,32.6,0.433
2026-02-23 07:00:00,744,33.7,0.743
2026-02-23 08:00:00,821,31.2,0.963
2026-02-23 09:00:00,606,31.0,0.615
2026-02-23 10:00:00,339,40.4,0.169
2026-02-23 11:00:00,488,33.4,0.385
2026-02-23 12:00:00,424,41.6,0.263
2026-02-23 13:00:00,414,36.2,0.189
2026-02-23 14:00:00,300,39.8,0.066
2026-02-23 15:00:00,362,43.2,0.177
2026-02-23 16:00:00,731,24.3,0.751
2026-02-23 17:00:00,652,29.0,0.642
2026-02-23 18:00:00,610,24.3,0.6
2026-02-23 19:00:00,316,43.8,0.067
2026-02-23 20:00:00,327,48.3,0.084
2026-02-23 21:00:00,236,46.6,0.051
2026-02-23 22:00:00,395,44.0,0.262
2026-02-23 23:00:00,450,32.9,0.288
2026-02-24 00:00:00,325,41.6,0.11
2026-02-24 01:00:00,401,34.2,0.227
2026-02-24 02:00:00,391,37.4,0.219
2026-02-24 03:00:00,419,40.4,0.284
2026-02-24 04:00:00,492,35.2,0.499
2026-02-24 05:00:00,372,33.3,0.197
2026-02-24 06:00:00,537,27.9,0.475
2026-02-24 07:00:00,803,18.4,0.766
2026-02-24 08:00:00,734,28.3,0.72
2026-02-24 09:00:00,588,39.7,0.581
2026-02-24 10:00:00,400,43.4,0.251
2026-02-24 11:00:00,515,26.4,0.188
2026-02-24 12:00:00,253,48.8,0.038
2026-02-24 13:00:00,378,42.5,0.293
2026-02-24 14:00:00,309,35.0,0.0
2026-02-24 15:00:00,412,36.4,0.325
2026-02-24 16:00:00,570,36.4,0.354
2026-02-24 17:00:00,627,32.3,0.627
2026-02-24 18:00:00,634,24.6,0.59
2026-02-24 19:00:00,453,38.6,0.195
2026-02-24 20:00:00,339,31.6,0.159
2026-02-24 21:00:00,386,37.6,0.267
2026-02-24 22:00:00,291,46.4,0.081
2026-02-24 23:00:00,471,35.6,0.369
2026-02-25 00:00:00,374,36.9,0.17
2026-02-25 01:00:00,407,41.3,0.148
2026-02-25 02:00:00,459,39.8,0.356
2026-02-25 03:00:00,383,43.8,0.292
2026-02-25 04:00:00,503,37.9,0.446
2026-02-25 05:00:00,555,36.9,0.37
2026-02-25 06:00:00,518,36.8,0.337
2026-02-25 07:00:00,662,29.9,0.592
2026-02-25 08:00:00,742,26.4,0.677
2026-02-25 09:00:00,781,23.7,0.819
2026-02-25 10:00:00,347,35.0,0.169
2026-02-25 11:00:00,376,35.0,0.122
2026-02-25 12:00:00,473,34.3,0.382
2026-02-25 13:00:00,416,38.4,0.285
2026-02-25 14:00:00,405,43.6,0.211
2026-02-25 15:00:00,475,35.2,0.338
2026-02-25 16:00:00,639,33.6,0.501
2026-02-25 17:00:00,642,33.8,0.586
2026-02-25 18:00:00,763,24.4,0.79
2026-02-25 19:00:00,330,42.8,0.132
2026-02-25 20:00:00,303,40.4,0.1
2026-02-25 21:00:00,389,43.7,0.226
2026-02-25 22:00:00,406,40.3,0.227
2026-02-25 23:00:00,368,34.4,0.196
2026-02-26 00:00:00,358,40.1,0.216
2026-02-26 01:00:00,579,38.3,0.501
2026-02-26 02:00:00,480,34.5,0.37
2026-02-26 03:00:00,433,38.6,0.272
2026-02-26 04:00:00,544,35.1,0.42
2026-02-26 05:00:00,491,30.7,0.397
2026-02-26 06:00:00,485,37.1,0.334
2026-02-26 07:00:00,791,18.7,0.852
2026-02-26 08:00:00,672,26.0,0.651
2026-02-26 09:00:00,758,29.8,0.766
2026-02-26 10:00:00,575,33.3,0.484
2026-02-26 11:00:00,469,34.4,0.312
2026-02-26 12:00:00,397,39.9,0.144
2026-02-26 13:00:00,369,38.8,0.202
2026-02-26 14:00:00,355,39.6,0.173
2026-02-26 15:00:00,348,42.4,0.193
2026-02-26 16:00:00,588,28.5,0.493
2026-02-26 17:00:00,658,29.1,0.722
2026-02-26 18:00:00,496,33.4,0.359
2026-02-26 19:00:00,394,31.9,0.178
2026-02-26 20:00:00,328,36.8,0.07
2026-02-26 21:00:00,386,44.8,0.123
2026-02-26 22:00:00,312,42.6,0.172
2026-02-26 23:00:00,479,29.9,0.421
2026-02-27 00:00:00,495,28.5,0.407
2026-02-27 01:00:00,498,34.1,0.337
2026-02-27 02:00:00,369,45.3,0.274
2026-02-27 03:00:00,526,32.8,0.407
2026-02-27 04:00:00,514,39.2,0.393
2026-02-27 05:00:00,401,39.4,0.304
2026-02-27 06:00:00,499,36.4,0.416
2026-02-27 07:00:00,779,19.4,0.924
2026-02-27 08:00:00,783,28.3,0.832
2026-02-27 09:00:00,747,24.5,0.745
2026-02-27 10:00:00,477,38.8,0.319
2026-02-27 11:00:00,529,30.2,0.337
2026-02-27 12:00:00,494,35.4,0.361
2026-02-27 13:00:00,227,45.5,0.022
2026-02-27 14:00:00,361,38.7,0.201
2026-02-27 15:00:00,354,41.2,0.161
2026-02-27 16:00:00,506,33.2,0.344
2026-02-27 17:00:00,608,28.1,0.562
2026-02-27 18:00:00,675,34.8,0.704
2026-02-27 19:00:00,278,46.5,0.065
2026-02-27 20:00:00,371,36.0,0.194
2026-02-27 21:00:00,308,43.5,0.049
2026-02-27 22:00:00,340,37.1,0.182
2026-02-27 23:00:00,488,30.2,0.21
2026-02-28 00:00:00,267,46.8,0.045
2026-02-28 01:00:00,348,33.0,0.279
2026-02-28 02:00:00,228,47.7,0.0
2026-02-28 03:00:00,468,34.6,0.323
2026-02-28 04:00:00,405,37.0,0.238
2026-02-28 05:00:00,366,40.8,0.155
2026-02-28 06:00:00,415,39.8,0.306
2026-02-28 07:00:00,553,29.3,0.49
2026-02-28 08:00:00,700,30.4,0.7
2026-02-28 09:00:00,597,31.6,0.574
2026-02-28 10:00:00,328,35.5,0.121
2026-02-28 11:00:00,291,41.1,0.222
2026-02-28 12:00:00,265,48.3,0.031
2026-02-28 13:00:00,321,47.5,0.119
2026-02-28 14:00:00,275,45.2,0.0
2026-02-28 15:00:00,283,37.3,0.024
2026-02-28 16:00:00,490,36.8,0.427
2026-02-28 17:00:00,514,37.4,0.339
2026-02-28 18:00:00,455,39.0,0.208
2026-02-28 19:00:00,357,42.6,0.166
2026-02-28 20:00:00,137,48.7,0.0
2026-02-28 21:00:00,319,40.5,0.108
2026-02-28 22:00:00,342,37.6,0.125
2026-02-28 23:00:00,228,36.4,0.0
2026-03-01 00:00:00,434,38.2,0.306
2026-03-01 01:00:00,380,39.4,0.233
2026-03-01 02:00:00,398,40.3,0.139
2026-03-01 03:00:00,358,34.1,0.223
2026-03-01 04:00:00,356,42.1,0.201
2026-03-01 05:00:00,365,47.4,0.234
2026-03-01 06:00:00,403,38.2,0.265
2026-03-01 07:00:00,721,26.5,0.757
2026-03-01 08:00:00,640,30.8,0.626
2026-03-01 09:00:00,562,40.5,0.523
2026-03-01 10:00:00,389,34.3,0.123
2026-03-01 11:00:00,376,39.7,0.119
2026-03-01 12:00:00,339,36.9,0.1
2026-03-01 13:00:00,324,38.5,0.107
2026-03-01 14:00:00,244,43.3,0.01
2026-03-01 15:00:00,188,50.8,0.0
2026-03-01 16:00:00,439,43.8,0.347
2026-03-01 17:00:00,385,40.3,0.265
2026-03-01 18:00:00,494,33.2,0.332
2026-03-01 19:00:00,218,54.3,0.0
2026-03-01 20:00:00,204,43.1,0.0
2026-03-01 21:00:00,80,46.9,0.0
2026-03-01 22:00:00,185,38.4,0.0
2026-03-01 23:00:00,347,45.4,0.0
2026-03-02 00:00:00,380,42.6,0.321
2026-03-02 01:00:00,462,45.5,0.354
2026-03-02 02:00:00,377,33.2,0.166
2026-03-02 03:00:00,563,38.1,0.578
2026-03-02 04:00:00,481,35.4,0.338
2026-03-02 05:00:00,515,37.2,0.414
2026-03-02 06:00:00,640,23.0,0.576
2026-03-02 07:00:00,848,28.2,1.0
2026-03-02 08:00:00,731,29.6,0.735
2026-03-02 09:00:00,701,27.3,0.701
2026-03-02 10:00:00,440,39.2,0.352
2026-03-02 11:00:00,471,32.5,0.369
2026-03-02 12:00:00,414,35.2,0.25
2026-03-02 13:00:00,376,37.0,0.249
2026-03-02 14:00:00,468,28.2,0.462
2026-03-02 15:00:00,357,43.0,0.18
2026-03-02 16:00:00,749,30.6,0.774
2026-03-02 17:00:00,608,27.9,0.559
2026-03-02 18:00:00,707,28.6,0.769
2026-03-02 19:00:00,364,38.2,0.145
2026-03-02 20:00:00,408,39.0,0.229
2026-03-02 21:00:00,320,38.3,0.031
2026-03-02 22:00:00,329,37.0,0.062
2026-03-02 23:00:00,427,41.3,0.246
2026-03-03 00:00:00,479,35.0,0.35
2026-03-03 01:00:00,443,44.6,0.385
2026-03-03 02:00:00,383,38.8,0.231
2026-03-03 03:00:00,395,34.5,0.177
2026-03-03 04:00:00,404,42.8,0.201
2026-03-03 05:00:00,391,40.8,0.286
2026-03-03 06:00:00,507,37.2,0.452
2026-03-03 07:00:00,825,27.9,0.886
2026-03-03 08:00:00,748,23.2,0.744
2026-03-03 09:00:00,601,30.5,0.596
2026-03-03 10:00:00,449,35.6,0.256
2026-03-03 11:00:00,431,31.8,0.298
2026-03-03 12:00:00,546,31.8,0.569
2026-03-03 13:00:00,312,46.4,0.106
2026-03-03 14:00:00,357,40.5,0.126
2026-03-03 15:00:00,466,30.3,0.353
2026-03-03 16:00:00,638,23.4,0.573
2026-03-03 17:00:00,637,36.4,0.526
2026-03-03 18:00:00,607,30.4,0.584
2026-03-03 19:00:00,363,36.7,0.23
2026-03-03 20:00:00,397,37.0,0.211
2026-03-03 21:00:00,315,35.1,0.081
2026-03-03 22:00:00,433,42.5,0.233
2026-03-03 23:00:00,317,39.3,0.096
2026-03-04 00:00:00,440,42.1,0.264
2026-03-04 01:00:00,451,36.4,0.259
2026-03-04 02:00:00,423,42.9,0.361
2026-03-04 03:00:00,475,36.4,0.369
2026-03-04 04:00:00,452,39.6,0.339
2026-03-04 05:00:00,433,39.7,0.326
2026-03-04 06:00:00,479,37.7,0.391
2026-03-04 07:00:00,691,29.2,0.658
2026-03-04 08:00:00,769,24.2,0.812
2026-03-04 09:00:00,668,36.3,0.63
2026-03-04 10:00:00,503,30.8,0.411
2026-03-04 11:00:00,370,39.1,0.202
2026-03-04 12:00:00,386,38.5,0.19
2026-03-04 13:00:00,362,40.9,0.106
2026-03-04 14:00:00,460,34.2,0.33
2026-03-04 15:00:00,383,39.9,0.194
2026-03-04 16:00:00,598,30.4,0.441
2026-03-04 17:00:00,633,23.5,0.615
2026-03-04 18:00:00,474,35.4,0.393
2026-03-04 19:00:00,340,35.7,0.265
2026-03-04 20:00:00,471,28.6,0.32
2026-03-04 21:00:00,371,39.6,0.159
2026-03-04 22:00:00,384,40.5,0.151
2026-03-04 23:00:00,432,39.0,0.29
2026-03-05 00:00:00,474,37.7,0.355
2026-03-05 01:00:00,321,33.0,0.069
2026-03-05 02:00:00,359,34.0,0.159
2026-03-05 03:00:00,489,42.8,0.269
2026-03-05 04:00:00,446,32.2,0.348
2026-03-05 05:00:00,576,34.3,0.463
2026-03-05 06:00:00,481,32.4,0.354
2026-03-05 07:00:00,641,29.9,0.53
2026-03-05 08:00:00,673,25.9,0.622
2026-03-05 09:00:00,572,34.2,0.481
2026-03-05 10:00:00,446,36.9,0.301
2026-03-05 11:00:00,429,35.2,0.299
2026-03-05 12:00:00,395,34.0,0.295
2026-03-05 13:00:00,464,36.8,0.366
2026-03-05 14:00:00,452,31.3,0.359
2026-03-05 15:00:00,353,41.4,0.231
2026-03-05 16:00:00,483,45.6,0.387
2026-03-05 17:00:00,640,35.0,0.598
2026-03-05 18:00:00,633,32.7,0.64
2026-03-05 19:00:00,361,39.0,0.224
2026-03-05 20:00:00,410,29.9,0.279
2026-03-05 21:00:00,294,36.4,0.0
2026-03-05 22:00:00,501,39.6,0.344
2026-03-05 23:00:00,342,36.9,0.128
2026-03-06 00:00:00,465,32.9,0.37
2026-03-06 01:00:00,339,39.5,0.136
2026-03-06 02:00:00,404,33.6,0.294
2026-03-06 03:00:00,568,27.2,0.555
2026-03-06 04:00:00,474,35.2,0.405
2026-03-06 05:00:00,548,29.3,0.519
2026-03-06 06:00:00,514,31.0,0.354
2026-03-06 07:00:00,751,22.6,0.795
2026-03-06 08:00:00,831,25.0,0.863
2026-03-06 09:00:00,722,25.8,0.644
2026-03-06 10:00:00,353,38.9,0.144
2026-03-06 11:00:00,393,40.6,0.286
2026-03-06 12:00:00,453,35.6,0.335
2026-03-06 13:00:00,423,36.1,0.367
2026-03-06 14:00:00,286,43.9,0.064
2026-03-06 15:00:00,320,43.5,0.23
2026-03-06 16:00:00,576,31.3,0.51
2026-03-06 17:00:00,581,32.0,0.51
2026-03-06 18:00:00,517,30.8,0.347
2026-03-06 19:00:00,305,37.9,0.14
2026-03-06 20:00:00,307,44.3,0.063
2026-03-06 21:00:00,410,39.4,0.214
2026-03-06 22:00:00,429,38.8,0.339
2026-03-06 23:00:00,391,39.4,0.275
2026-03-07 00:00:00,276,42.5,0.097
2026-03-07 01:00:00,329,43.3,0.103
2026-03-07 02:00:00,291,45.6,0.061
2026-03-07 03:00:00,288,45.6,0.055
2026-03-07 04:00:00,313,40.6,0.136
2026-03-07 05:00:00,339,45.7,0.215
2026-03-07 06:00:00,310,42.1,0.111
2026-03-07 07:00:00,647,31.9,0.71
2026-03-07 08:00:00,673,29.6,0.696
2026-03-07 09:00:00,521,34.8,0.405
2026-03-07 10:00:00,342,37.1,0.183
2026-03-07 11:00:00,308,44.0,0.175
2026-03-07 12:00:00,320,52.2,0.208
2026-03-07 13:00:00,279,40.7,0.104
2026-03-07 14:00:00,173,46.2,0.0
2026-03-07 15:00:00,168,44.3,0.0
2026-03-07 16:00:00,492,32.8,0.401
2026-03-07 17:00:00,544,39.1,0.536
2026-03-07 18:00:00,347,37.2,0.171
2026-03-07 19:00:00,243,41.6,0.012
2026-03-07 20:00:00,302,35.1,0.083
2026-03-07 21:00:00,234,40.8,0.0
2026-03-07 22:00:00,293,34.9,0.058
2026-03-07 23:00:00,237,46.2,0.0
2026-03-08 00:00:00,293,52.9,0.152
2026-03-08 01:00:00,223,42.7,0.0
2026-03-08 02:00:00,199,38.4,0.0
2026-03-08 03:00:00,413,41.1,0.208
2026-03-08 04:00:00,310,38.2,0.128
2026-03-08 05:00:00,350,44.9,0.222
2026-03-08 06:00:00,297,40.5,0.154
2026-03-08 07:00:00,553,30.1,0.476
2026-03-08 08:00:00,619,29.6,0.596
2026-03-08 09:00:00,573,35.0,0.489
2026-03-08 10:00:00,363,38.4,0.2
2026-03-08 11:00:00,348,37.8,0.166
2026-03-08 12:00:00,319,40.0,0.109
2026-03-08 13:00:00,294,36.6,0.075
2026-03-08 14:00:00,355,41.2,0.184
2026-03-08 15:00:00,179,38.6,0.0
2026-03-08 16:00:00,487,33.2,0.352
2026-03-08 17:00:00,551,35.8,0.548
2026-03-08 18:00:00,556,33.8,0.606
2026-03-08 19:00:00,137,49.6,0.0
2026-03-08 20:00:00,212,44.3,0.0
2026-03-08 21:00:00,325,45.3,0.068
2026-03-08 22:00:00,290,45.5,0.056
2026-03-08 23:00:00,291,43.6,0.108
2026-03-09 00:00:00,407,41.5,0.271
2026-03-09 01:00:00,418,40.4,0.267
2026-03-09 02:00:00,477,33.5,0.376
2026-03-09 03:00:00,461,30.5,0.29
2026-03-09 04:00:00,487,36.6,0.352
2026-03-09 05:00:00,502,36.6,0.387
2026-03-09 06:00:00,459,40.3,0.242
2026-03-09 07:00:00,789,20.6,0.771
2026-03-09 08:00:00,924,16.0,0.981
2026-03-09 09:00:00,630,31.8,0.623
2026-03-09 10:00:00,479,35.0,0.365
2026-03-09 11:00:00,395,30.6,0.254
2026-03-09 12:00:00,455,37.6,0.223
2026-03-09 13:00:00,402,30.5,0.16
2026-03-09 14:00:00,426,33.3,0.304
2026-03-09 15:00:00,434,42.2,0.144
2026-03-09 16:00:00,622,37.5,0.634
2026-03-09 17:00:00,671,23.7,0.557
2026-03-09 18:00:00,459,34.6,0.364
2026-03-09 19:00:00,438,36.8,0.245
2026-03-09 20:00:00,373,46.1,0.242
2026-03-09 21:00:00,428,35.0,0.434
2026-03-09 22:00:00,307,39.3,0.0
2026-03-09 23:00:00,349,46.0,0.187
2026-03-10 00:00:00,429,35.5,0.185
2026-03-10 01:00:00,440,39.5,0.314
2026-03-10 02:00:00,477,29.4,0.339
2026-03-10 03:00:00,542,32.3,0.456
2026-03-10 04:00:00,383,32.0,0.159
2026-03-10 05:00:00,556,28.3,0.51
2026-03-10 06:00:00,500,37.9,0.312
2026-03-10 07:00:00,745,25.7,0.824
2026-03-10 08:00:00,661,27.6,0.612
2026-03-10 09:00:00,767,22.2,0.725
2026-03-10 10:00:00,315,40.1,0.18
2026-03-10 11:00:00,480,36.4,0.35
2026-03-10 12:00:00,330,44.4,0.218
2026-03-10 13:00:00,403,27.4,0.296
2026-03-10 14:00:00,373,35.6,0.149
2026-03-10 15:00:00,434,37.4,0.279
2026-03-10 16:00:00,600,30.6,0.545
2026-03-10 17:00:00,561,34.0,0.555
2026-03-10 18:00:00,570,33.1,0.514
2026-03-10 19:00:00,419,36.1,0.269
2026-03-10 20:00:00,383,36.5,0.195
2026-03-10 21:00:00,340,39.1,0.136
2026-03-10 22:00:00,366,43.8,0.244
2026-03-10 23:00:00,305,38.4,0.085
2026-03-11 00:00:00,443,36.2,0.277
2026-03-11 01:00:00,335,41.0,0.103
2026-03-11 02:00:00,505,40.6,0.365
2026-03-11 03:00:00,484,33.9,0.29
2026-03-11 04:00:00,632,33.7,0.55
2026-03-11 05:00:00,431,41.8,0.353
2026-03-11 06:00:00,494,34.5,0.365
2026-03-11 07:00:00,865,20.9,0.981
2026-03-11 08:00:00,821,21.9,0.755
2026-03-11 09:00:00,695,26.7,0.713
2026-03-11 10:00:00,473,38.9,0.335
2026-03-11 11:00:00,441,37.5,0.27
2026-03-11 12:00:00,437,37.6,0.297
2026-03-11 13:00:00,357,35.0,0.14
2026-03-11 14:00:00,375,35.0,0.086
2026-03-11 15:00:00,268,51.2,0.074
2026-03-11 16:00:00,619,29.6,0.58
2026-03-11 17:00:00,630,26.9,0.569
2026-03-11 18:00:00,586,37.2,0.469
2026-03-11 19:00:00,246,44.5,0.0
2026-03-11 20:00:00,410,40.0,0.257
2026-03-11 21:00:00,385,38.0,0.288
2026-03-11 22:00:00,336,39.0,0.142
2026-03-11 23:00:00,382,38.0,0.134
2026-03-12 00:00:00,330,34.9,0.134
2026-03-12 01:00:00,379,38.4,0.196
2026-03-12 02:00:00,428,38.2,0.317
2026-03-12 03:00:00,550,40.2,0.492
2026-03-12 04:00:00,451,36.6,0.16
2026-03-12 05:00:00,536,23.9,0.467
2026-03-12 06:00:00,468,35.2,0.285
2026-03-12 07:00:00,772,35.9,0.732
2026-03-12 08:00:00,741,29.5,0.746
2026-03-12 09:00:00,789,21.1,0.85
2026-03-12 10:00:00,428,39.4,0.192
2026-03-12 11:00:00,346,36.9,0.183
2026-03-12 12:00:00,337,34.8,0.172
2026-03-12 13:00:00,367,37.8,0.182
2026-03-12 14:00:00,305,41.7,0.041
2026-03-12 15:00:00,388,30.9,0.163
2026-03-12 16:00:00,583,27.0,0.564
2026-03-12 17:00:00,745,26.0,0.686
2026-03-12 18:00:00,496,33.0,0.432
2026-03-12 19:00:00,355,41.2,0.153
2026-03-12 20:00:00,283,37.2,0.046
2026-03-12 21:00:00,334,43.2,0.044
2026-03-12 22:00:00,388,33.7,0.205
2026-03-12 23:00:00,260,49.5,0.046
2026-03-13 00:00:00,434,29.9,0.216
2026-03-13 01:00:00,555,28.2,0.494
2026-03-13 02:00:00,433,38.5,0.286
2026-03-13 03:00:00,492,41.4,0.34
2026-03-13 04:00:00,551,34.0,0.506
2026-03-13 05:00:00,487,37.2,0.255
2026-03-13 06:00:00,465,35.8,0.348
2026-03-13 07:00:00,621,26.2,0.652
2026-03-13 08:00:00,788,22.5,0.9
2026-03-13 09:00:00,730,21.6,0.758
2026-03-13 10:00:00,399,32.9,0.214
2026-03-13 11:00:00,448,37.9,0.273
2026-03-13 12:00:00,385,34.0,0.193
2026-03-13 13:00:00,368,40.4,0.209
2026-03-13 14:00:00,416,32.2,0.215
2026-03-13 15:00:00,283,43.3,0.089
2026-03-13 16:00:00,674,26.5,0.759
2026-03-13 17:00:00,519,39.5,0.411
2026-03-13 18:00:00,560,33.7,0.41
2026-03-13 19:00:00,458,40.9,0.253
2026-03-13 20:00:00,418,34.3,0.297
2026-03-13 21:00:00,369,39.3,0.18
2026-03-13 22:00:00,324,36.7,0.158
2026-03-13 23:00:00,368,37.5,0.155
2026-03-14 00:00:00,304,40.3,0.125
2026-03-14 01:00:00,323,37.8,0.104
2026-03-14 02:00:00,335,35.4,0.094
2026-03-14 03:00:00,355,33.9,0.141
2026-03-14 04:00:00,356,30.2,0.103
2026-03-14 05:00:00,291,37.6,0.163
2026-03-14 06:00:00,349,42.3,0.147
2026-03-14 07:00:00,692,21.4,0.712
2026-03-14 08:00:00,547,27.4,0.43
2026-03-14 09:00:00,605,38.0,0.494
2026-03-14 10:00:00,291,39.3,0.051
2026-03-14 11:00:00,327,41.8,0.174
2026-03-14 12:00:00,277,44.9,0.016
2026-03-14 13:00:00,368,41.8,0.138
2026-03-14 14:00:00,290,35.8,0.069
2026-03-14 15:00:00,165,45.3,0.0
2026-03-14 16:00:00,531,26.9,0.514
2026-03-14 17:00:00,436,46.5,0.304
2026-03-14 18:00:00,445,30.0,0.332
2026-03-14 19:00:00,242,39.3,0.024
2026-03-14 20:00:00,201,40.8,0.0
2026-03-14 21:00:00,297,35.6,0.024
2026-03-14 22:00:00,214,49.9,0.0
2026-03-14 23:00:00,242,53.2,0.0
2026-03-15 00:00:00,261,41.0,0.057
2026-03-15 01:00:00,287,36.7,0.071
2026-03-15 02:00:00,406,28.8,0.244
2026-03-15 03:00:00,394,37.2,0.092
2026-03-15 04:00:00,472,34.2,0.444
2026-03-15 05:00:00,513,31.4,0.36
2026-03-15 06:00:00,318,41.8,0.207
2026-03-15 07:00:00,641,31.1,0.529
2026-03-15 08:00:00,559,33.7,0.435
2026-03-15 09:00:00,570,30.8,0.382
2026-03-15 10:00:00,302,37.0,0.098
2026-03-15 11:00:00,257,45.7,0.0
2026-03-15 12:00:00,237,43.8,0.0
2026-03-15 13:00:00,271,46.1,0.0
2026-03-15 14:00:00,187,48.6,0.0
2026-03-15 15:00:00,294,36.0,0.103
2026-03-15 16:00:00,436,31.0,0.377
2026-03-15 17:00:00,651,26.2,0.583
2026-03-15 18:00:00,453,31.9,0.323
2026-03-15 19:00:00,227,47.1,0.0
2026-03-15 20:00:00,153,48.1,0.0
2026-03-15 21:00:00,346,44.3,0.122
2026-03-15 22:00:00,327,42.1,0.142
2026-03-15 23:00:00,297,42.4,0.123
2026-03-16 00:00:00,339,44.9,0.186
2026-03-16 01:00:00,453,38.0,0.27
2026-03-16 02:00:00,393,38.5,0.27
2026-03-16 03:00:00,564,38.2,0.481
2026-03-16 04:00:00,538,33.6,0.427
2026-03-16 05:00:00,503,33.2,0.354
2026-03-16 06:00:00,354,36.3,0.132
2026-03-16 07:00:00,698,30.4,0.776
2026-03-16 08:00:00,791,29.3,0.848
2026-03-16 09:00:00,809,23.5,0.869
2026-03-16 10:00:00,527,38.8,0.413
2026-03-16 11:00:00,345,32.0,0.268
2026-03-16 12:00:00,438,36.4,0.354
2026-03-16 13:00:00,460,35.7,0.287
2026-03-16 14:00:00,280,39.3,0.032
2026-03-16 15:00:00,363,48.8,0.163
2026-03-16 16:00:00,627,29.8,0.587
2026-03-16 17:00:00,585,29.9,0.48
2026-03-16 18:00:00,489,35.0,0.39
2026-03-16 19:00:00,323,32.7,0.185
2026-03-16 20:00:00,331,37.4,0.059
2026-03-16 21:00:00,355,43.5,0.105
2026-03-16 22:00:00,346,37.4,0.124
2026-03-16 23:00:00,373,35.6,0.167
2026-03-17 00:00:00,418,42.6,0.358
2026-03-17 01:00:00,467,41.0,0.384
2026-03-17 02:00:00,442,38.6,0.343
2026-03-17 03:00:00,452,34.4,0.298
2026-03-17 04:00:00,495,33.7,0.363
2026-03-17 05:00:00,382,35.4,0.13
2026-03-17 06:00:00,529,29.5,0.468
2026-03-17 07:00:00,757,21.3,0.805
2026-03-17 08:00:00,752,23.2,0.837
2026-03-17 09:00:00,794,20.1,0.826
2026-03-17 10:00:00,343,33.7,0.136
2026-03-17 11:00:00,322,41.6,0.119
2026-03-17 12:00:00,436,37.7,0.331
2026-03-17 13:00:00,399,44.8,0.156
2026-03-17 14:00:00,390,35.7,0.252
2026-03-17 15:00:00,336,41.4,0.131
2026-03-17 16:00:00,651,30.5,0.564
2026-03-17 17:00:00,659,27.9,0.525
2026-03-17 18:00:00,629,33.0,0.576
2026-03-17 19:00:00,327,43.7,0.191
2026-03-17 20:00:00,224,45.5,0.044
2026-03-17 21:00:00,410,36.6,0.264
2026-03-17 22:00:00,453,34.7,0.41
2026-03-17 23:00:00,438,31.2,0.287
2026-03-18 00:00:00,367,35.9,0.228
2026-03-18 01:00:00,481,32.7,0.333
2026-03-18 02:00:00,512,29.6,0.377
2026-03-18 03:00:00,570,33.8,0.458
2026-03-18 04:00:00,437,41.5,0.185
2026-03-18 05:00:00,484,31.4,0.424
2026-03-18 06:00:00,545,34.1,0.422
2026-03-18 07:00:00,761,21.2,0.746
2026-03-18 08:00:00,682,26.9,0.606
2026-03-18 09:00:00,761,22.6,0.776
2026-03-18 10:00:00,495,37.1,0.465
2026-03-18 11:00:00,446,33.7,0.406
2026-03-18 12:00:00,433,40.9,0.198
2026-03-18 13:00:00,384,37.6,0.188
2026-03-18 14:00:00,469,33.0,0.285
2026-03-18 15:00:00,309,36.2,0.14
2026-03-18 16:00:00,575,32.9,0.514
2026-03-18 17:00:00,603,34.5,0.511
2026-03-18 18:00:00,653,30.2,0.624
2026-03-18 19:00:00,253,52.1,0.0
2026-03-18 20:00:00,272,48.2,0.115
2026-03-18 21:00:00,241,42.3,0.014
2026-03-18 22:00:00,382,37.4,0.237
2026-03-18 23:00:00,332,42.3,0.0
2026-03-19 00:00:00,397,34.8,0.223
2026-03-19 01:00:00,480,39.9,0.458
2026-03-19 02:00:00,422,38.7,0.331
2026-03-19 03:00:00,490,35.9,0.277
2026-03-19 04:00:00,471,38.3,0.324
2026-03-19 05:00:00,538,40.1,0.383
2026-03-19 06:00:00,529,34.2,0.515
2026-03-19 07:00:00,716,26.5,0.729
2026-03-19 08:00:00,739,32.2,0.714
2026-03-19 09:00:00,799,27.9,0.846
2026-03-19 10:00:00,484,33.8,0.23
2026-03-19 11:00:00,357,39.5,0.11
2026-03-19 12:00:00,459,36.7,0.323
2026-03-19 13:00:00,334,41.8,0.172
2026-03-19 14:00:00,465,30.3,0.234
2026-03-19 15:00:00,425,31.0,0.25
2026-03-19 16:00:00,628,26.5,0.632
2026-03-19 17:00:00,612,26.7,0.484
2026-03-19 18:00:00,587,28.9,0.53
2026-03-19 19:00:00,383,41.1,0.208
2026-03-19 20:00:00,328,39.8,0.206
2026-03-19 21:00:00,378,39.6,0.185
2026-03-19 22:00:00,432,32.0,0.271
2026-03-19 23:00:00,366,37.3,0.221
2026-03-20 00:00:00,383,40.9,0.138
2026-03-20 01:00:00,369,41.5,0.172
2026-03-20 02:00:00,396,35.2,0.202
2026-03-20 03:00:00,367,39.8,0.173
2026-03-20 04:00:00,533,42.1,0.478
2026-03-20 05:00:00,606,30.7,0.575
2026-03-20 06:00:00,586,28.7,0.479
2026-03-20 07:00:00,660,28.2,0.638
2026-03-20 08:00:00,793,24.6,0.91
2026-03-20 09:00:00,822,22.6,0.838
2026-03-20 10:00:00,433,36.7,0.289
2026-03-20 11:00:00,447,30.6,0.293
2026-03-20 12:00:00,300,37.6,0.074
2026-03-20 13:00:00,415,36.9,0.172
2026-03-20 14:00:00,316,40.3,0.172
2026-03-20 15:00:00,375,36.6,0.154
2026-03-20 16:00:00,517,33.2,0.462
2026-03-20 17:00:00,635,30.0,0.561
2026-03-20 18:00:00,661,32.4,0.601
2026-03-20 19:00:00,296,41.2,0.131
2026-03-20 20:00:00,283,43.7,0.1
2026-03-20 21:00:00,234,41.6,0.0
2026-03-20 22:00:00,364,41.5,0.213
2026-03-20 23:00:00,364,40.8,0.161
2026-03-21 00:00:00,207,48.2,0.0
2026-03-21 01:00:00,348,42.7,0.118
2026-03-21 02:00:00,313,43.4,0.142
2026-03-21 03:00:00,292,41.4,0.03
2026-03-21 04:00:00,336,41.2,0.207
2026-03-21 05:00:00,442,40.8,0.28
2026-03-21 06:00:00,416,34.8,0.256
2026-03-21 07:00:00,629,27.5,0.621
2026-03-21 08:00:00,666,29.4,0.641
2026-03-21 09:00:00,547,34.5,0.442
2026-03-21 10:00:00,342,36.7,0.14
2026-03-21 11:00:00,330,40.2,0.168
2026-03-21 12:00:00,272,42.1,0.001
2026-03-21 13:00:00,305,32.5,0.078
2026-03-21 14:00:00,213,43.7,0.0
2026-03-21 15:00:00,274,41.8,0.08
2026-03-21 16:00:00,524,33.0,0.417
2026-03-21 17:00:00,308,46.9,0.18
2026-03-21 18:00:00,551,27.9,0.455
2026-03-21 19:00:00,80,45.9,0.0
2026-03-21 20:00:00,194,34.8,0.0
2026-03-21 21:00:00,305,39.4,0.019
2026-03-21 22:00:00,241,42.0,0.0
2026-03-21 23:00:00,191,43.3,0.0
2026-03-22 00:00:00,234,48.2,0.032
2026-03-22 01:00:00,382,42.1,0.201
2026-03-22 02:00:00,225,44.4,0.0
2026-03-22 03:00:00,424,35.7,0.329
2026-03-22 04:00:00,366,43.3,0.256
2026-03-22 05:00:00,306,41.2,0.149
2026-03-22 06:00:00,345,36.7,0.103
2026-03-22 07:00:00,576,25.0,0.477
2026-03-22 08:00:00,681,26.4,0.754
2026-03-22 09:00:00,661,31.9,0.644
2026-03-22 10:00:00,237,52.8,0.0
2026-03-22 11:00:00,296,41.9,0.107
2026-03-22 12:00:00,248,40.3,0.047
2026-03-22 13:00:00,357,34.8,0.136
2026-03-22 14:00:00,179,47.9,0.0
2026-03-22 15:00:00,340,33.0,0.185
2026-03-22 16:00:00,489,37.1,0.31
2026-03-22 17:00:00,413,40.8,0.251
2026-03-22 18:00:00,439,38.4,0.235
2026-03-22 19:00:00,175,45.0,0.0
2026-03-22 20:00:00,154,48.9,0.0
2026-03-22 21:00:00,249,44.0,0.022
2026-03-22 22:00:00,186,42.4,0.0
2026-03-22 23:00:00,148,54.2,0.0
2026-03-23 00:00:00,397,36.7,0.229
2026-03-23 01:00:00,333,43.4,0.07
2026-03-23 02:00:00,415,27.8,0.275
2026-03-23 03:00:00,422,42.3,0.321
2026-03-23 04:00:00,437,42.6,0.284
2026-03-23 05:00:00,617,30.5,0.554
2026-03-23 06:00:00,503,36.6,0.408
2026-03-23 07:00:00,772,27.2,0.702
2026-03-23 08:00:00,643,26.9,0.631
2026-03-23 09:00:00,697,29.8,0.843
2026-03-23 10:00:00,473,32.2,0.337
2026-03-23 11:00:00,379,36.3,0.193
2026-03-23 12:00:00,474,39.9,0.382
2026-03-23 13:00:00,327,44.5,0.201
2026-03-23 14:00:00,363,36.5,0.223
2026-03-23 15:00:00,328,37.6,0.012
2026-03-23 16:00:00,621,27.7,0.599
2026-03-23 17:00:00,564,35.2,0.612
2026-03-23 18:00:00,584,27.6,0.545
2026-03-23 19:00:00,329,41.9,0.064
2026-03-23 20:00:00,307,44.2,0.102
2026-03-23 21:00:00,393,37.9,0.156
2026-03-23 22:00:00,394,42.3,0.283
2026-03-23 23:00:00,394,37.0,0.174
2026-03-24 00:00:00,394,37.4,0.225
2026-03-24 01:00:00,488,31.0,0.323
2026-03-24 02:00:00,446,40.5,0.274
2026-03-24 03:00:00,458,32.9,0.394
2026-03-24 04:00:00,496,36.0,0.384
2026-03-24 05:00:00,599,30.7,0.509
2026-03-24 06:00:00,420,33.1,0.204
2026-03-24 07:00:00,803,21.5,0.757
2026-03-24 08:00:00,636,35.3,0.531
2026-03-24 09:00:00,750,26.6,0.775
2026-03-24 10:00:00,555,28.5,0.518
2026-03-24 11:00:00,470,36.8,0.31
2026-03-24 12:00:00,430,36.4,0.355
2026-03-24 13:00:00,366,53.0,0.143
2026-03-24 14:00:00,382,39.8,0.191
2026-03-24 15:00:00,348,38.3,0.097
2026-03-24 16:00:00,564,37.9,0.533
2026-03-24 17:00:00,585,24.2,0.62
2026-03-24 18:00:00,612,31.0,0.469
2026-03-24 19:00:00,297,49.6,0.055
2026-03-24 20:00:00,302,41.0,0.143
2026-03-24 21:00:00,282,35.2,0.0
2026-03-24 22:00:00,403,36.3,0.264
2026-03-24 23:00:00,432,42.7,0.341
2026-03-25 00:00:00,434,38.3,0.287
2026-03-25 01:00:00,499,31.2,0.411
2026-03-25 02:00:00,465,33.0,0.419
2026-03-25 03:00:00,500,32.3,0.482
2026-03-25 04:00:00,508,35.7,0.394
2026-03-25 05:00:00,492,40.1,0.346
2026-03-25 06:00:00,468,39.8,0.289
2026-03-25 07:00:00,890,22.7,1.0
2026-03-25 08:00:00,722,21.4,0.658
2026-03-25 09:00:00,697,22.3,0.675
2026-03-25 10:00:00,486,37.1,0.368
2026-03-25 11:00:00,456,30.7,0.292
2026-03-25 12:00:00,336,39.3,0.146
2026-03-25 13:00:00,467,36.9,0.462
2026-03-25 14:00:00,374,34.4,0.185
2026-03-25 15:00:00,297,37.5,0.051
2026-03-25 16:00:00,682,27.8,0.715
2026-03-25 17:00:00,640,31.6,0.612
2026-03-25 18:00:00,524,37.9,0.494
2026-03-25 19:00:00,449,38.7,0.314
2026-03-25 20:00:00,390,38.6,0.203
2026-03-25 21:00:00,363,36.3,0.085
2026-03-25 22:00:00,475,31.1,0.265
2026-03-25 23:00:00,409,35.6,0.153
2026-03-26 00:00:00,418,39.0,0.277
2026-03-26 01:00:00,401,39.3,0.164
2026-03-26 02:00:00,495,26.3,0.44
2026-03-26 03:00:00,505,31.2,0.394
2026-03-26 04:00:00,490,39.7,0.357
2026-03-26 05:00:00,450,36.6,0.265
2026-03-26 06:00:00,508,28.6,0.428
2026-03-26 07:00:00,753,35.1,0.734
2026-03-26 08:00:00,669,28.5,0.595
2026-03-26 09:00:00,648,30.9,0.672
2026-03-26 10:00:00,494,36.3,0.393
2026-03-26 11:00:00,285,40.6,0.042
2026-03-26 12:00:00,432,34.0,0.312
2026-03-26 13:00:00,371,47.5,0.187
2026-03-26 14:00:00,458,40.0,0.339
2026-03-26 15:00:00,334,43.6,0.088
2026-03-26 16:00:00,650,31.6,0.719
2026-03-26 17:00:00,579,27.7,0.477
2026-03-26 18:00:00,607,35.9,0.627
2026-03-26 19:00:00,387,35.1,0.201
2026-03-26 20:00:00,323,41.8,0.153
2026-03-26 21:00:00,423,30.6,0.303
2026-03-26 22:00:00,320,32.6,0.165
2026-03-26 23:00:00,417,38.7,0.215
2026-03-27 00:00:00,475,32.1,0.4
2026-03-27 01:00:00,480,27.2,0.446
2026-03-27 02:00:00,575,34.0,0.487
2026-03-27 03:00:00,431,45.4,0.28
2026-03-27 04:00:00,407,43.3,0.215
2026-03-27 05:00:00,438,35.6,0.272
2026-03-27 06:00:00,540,33.1,0.532
2026-03-27 07:00:00,787,28.0,0.776
2026-03-27 08:00:00,755,30.1,0.73
2026-03-27 09:00:00,669,27.2,0.725
2026-03-27 10:00:00,506,34.4,0.425
2026-03-27 11:00:00,367,40.4,0.286
2026-03-27 12:00:00,490,37.1,0.347
2026-03-27 13:00:00,571,31.5,0.5
2026-03-27 14:00:00,402,37.4,0.201
2026-03-27 15:00:00,398,43.6,0.235
2026-03-27 16:00:00,581,36.5,0.421
2026-03-27 17:00:00,494,36.6,0.41
2026-03-27 18:00:00,564,39.1,0.499
2026-03-27 19:00:00,277,40.8,0.039
2026-03-27 20:00:00,264,49.3,0.002
2026-03-27 21:00:00,467,37.8,0.289
2026-03-27 22:00:00,396,51.2,0.261
2026-03-27 23:00:00,422,32.5,0.206
2026-03-28 00:00:00,281,39.4,0.073
2026-03-28 01:00:00,310,42.8,0.196
2026-03-28 02:00:00,398,39.7,0.302
2026-03-28 03:00:00,355,47.4,0.086
2026-03-28 04:00:00,401,35.3,0.205
2026-03-28 05:00:00,366,42.8,0.2
2026-03-28 06:00:00,359,44.1,0.164
2026-03-28 07:00:00,553,35.5,0.396
2026-03-28 08:00:00,511,30.3,0.421
2026-03-28 09:00:00,601,36.6,0.539
2026-03-28 10:00:00,343,44.9,0.239
2026-03-28 11:00:00,244,45.9,0.0
2026-03-28 12:00:00,298,42.4,0.132
2026-03-28 13:00:00,283,43.0,0.0
2026-03-28 14:00:00,131,47.1,0.0
2026-03-28 15:00:00,189,47.9,0.0
2026-03-28 16:00:00,515,34.1,0.462
2026-03-28 17:00:00,506,30.9,0.346
2026-03-28 18:00:00,411,33.4,0.249
2026-03-28 19:00:00,232,40.9,0.0
2026-03-28 20:00:00,292,42.7,0.056
2026-03-28 21:00:00,290,41.7,0.103
2026-03-28 22:00:00,254,44.0,0.0
2026-03-28 23:00:00,251,45.2,0.0
2026-03-29 00:00:00,262,40.3,0.0
2026-03-29 01:00:00,349,45.6,0.12
2026-03-29 02:00:00,352,38.6,0.245
2026-03-29 03:00:00,394,36.5,0.225
2026-03-29 04:00:00,377,40.7,0.145
2026-03-29 05:00:00,426,29.7,0.255
2026-03-29 06:00:00,386,35.3,0.129
2026-03-29 07:00:00,684,32.0,0.617
2026-03-29 08:00:00,682,21.2,0.733
2026-03-29 09:00:00,568,36.6,0.482
2026-03-29 10:00:00,232,49.9,0.067
2026-03-29 11:00:00,413,36.1,0.246
2026-03-29 12:00:00,315,42.1,0.098
2026-03-29 13:00:00,176,50.3,0.0
2026-03-29 14:00:00,217,42.5,0.0
2026-03-29 15:00:00,290,45.3,0.072
2026-03-29 16:00:00,474,32.7,0.342
2026-03-29 17:00:00,452,34.3,0.385
2026-03-29 18:00:00,564,29.1,0.531
2026-03-29 19:00:00,160,47.8,0.0
2026-03-29 20:00:00,183,50.2,0.0
2026-03-29 21:00:00,256,42.3,0.0
2026-03-29 22:00:00,283,37.0,0.006
2026-03-29 23:00:00,309,36.9,0.101
2026-03-30 00:00:00,475,37.0,0.336
2026-03-30 01:00:00,453,43.5,0.389
2026-03-30 02:00:00,489,36.5,0.385
2026-03-30 03:00:00,461,34.3,0.335
2026-03-30 04:00:00,493,37.8,0.419
2026-03-30 05:00:00,504,33.4,0.445
2026-03-30 06:00:00,513,32.5,0.444
2026-03-30 07:00:00,804,20.0,0.923
2026-03-30 08:00:00,783,30.2,0.85
2026-03-30 09:00:00,739,16.0,0.761
2026-03-30 10:00:00,411,40.8,0.31
2026-03-30 11:00:00,445,34.6,0.295
2026-03-30 12:00:00,418,35.7,0.26
2026-03-30 13:00:00,411,44.4,0.334
2026-03-30 14:00:00,512,31.2,0.484
2026-03-30 15:00:00,332,37.7,0.126
2026-03-30 16:00:00,636,29.2,0.571
2026-03-30 17:00:00,667,30.3,0.715
2026-03-30 18:00:00,606,29.0,0.588
2026-03-30 19:00:00,483,28.8,0.374
2026-03-30 20:00:00,328,37.1,0.104
2026-03-30 21:00:00,383,43.7,0.221
2026-03-30 22:00:00,332,40.7,0.125
2026-03-30 23:00:00,378,40.6,0.164
2026-03-31 00:00:00,435,35.7,0.291
2026-03-31 01:00:00,491,32.2,0.384
2026-03-31 02:00:00,479,41.9,0.334
2026-03-31 03:00:00,552,31.9,0.51
2026-03-31 04:00:00,484,33.3,0.424
2026-03-31 05:00:00,477,39.7,0.398
2026-03-31 06:00:00,662,25.9,0.62
2026-03-31 07:00:00,781,22.3,0.855
2026-03-31 08:00:00,706,27.3,0.705
2026-03-31 09:00:00,695,27.7,0.623
2026-03-31 10:00:00,403,38.9,0.269
2026-03-31 11:00:00,497,43.0,0.387
2026-03-31 12:00:00,398,39.4,0.357
2026-03-31 13:00:00,407,28.2,0.314
2026-03-31 14:00:00,376,40.1,0.229
2026-03-31 15:00:00,407,37.9,0.254
2026-03-31 16:00:00,560,32.6,0.485
2026-03-31 17:00:00,538,34.2,0.393
2026-03-31 18:00:00,613,30.4,0.472
2026-03-31 19:00:00,379,38.5,0.155
2026-03-31 20:00:00,371,41.5,0.184
2026-03-31 21:00:00,315,38.8,0.0
2026-03-31 22:00:00,421,33.5,0.236
2026-03-31 23:00:00,355,51.7,0.149
