timestamp,temperature_c,humidity_pct,wind_speed_ms,pm25_ugm3
2026-01-01 00:00:00,-2.2,81.9,2.9,16.27
2026-01-01 01:00:00,-2.7,87.9,2.39,13.99
2026-01-01 02:00:00,-1.7,69.7,2.16,23.28
2026-01-01 03:00:00,2.2,55.9,2.05,27.47
2026-01-01 04:00:00,1.6,70.2,1.7,13.59
2026-01-01 05:00:00,1.0,62.0,2.06,15.66
2026-01-01 06:00:00,3.0,58.7,1.81,23.78
2026-01-01 07:00:00,4.4,59.3,3.98,25.4
2026-01-01 08:00:00,4.5,49.2,1.65,31.54
2026-01-01 09:00:00,5.5,47.2,2.95,24.05
2026-01-01 10:00:00,9.0,43.7,2.52,17.26
2026-01-01 11:00:00,7.3,54.9,2.62,17.9
2026-01-01 12:00:00,6.5,45.0,3.21,8.15
2026-01-01 13:00:00,7.9,35.5,3.92,11.0
2026-01-01 14:00:00,7.6,37.1,4.45,15.38
2026-01-01 15:00:00,3.7,51.5,3.37,16.58
2026-01-01 16:00:00,5.5,43.7,3.38,26.96
2026-01-01 17:00:00,5.7,43.4,3.62,21.12
2026-01-01 18:00:00,3.8,63.4,4.14,16.2
2026-01-01 19:00:00,5.2,65.8,3.64,12.39
2026-01-01 20:00:00,2.5,63.4,4.98,15.77
2026-01-01 21:00:00,1.7,71.1,3.28,20.59
2026-01-01 22:00:00,3.0,71.3,2.89,23.4
2026-01-01 23:00:00,-0.6,78.3,3.26,16.63
2026-01-02 00:00:00,-1.5,79.4,3.65,12.73
2026-01-02 01:00:00,-0.1,55.4,2.59,17.28
2026-01-02 02:00:00,-1.9,72.2,1.93,21.61
2026-01-02 03:00:00,-0.1,74.2,2.24,26.05
2026-01-02 04:00:00,-0.2,65.3,2.16,22.11
2026-01-02 05:00:00,2.6,63.3,2.13,21.55
2026-01-02 06:00:00,2.3,65.4,1.96,24.67
2026-01-02 07:00:00,3.5,56.6,2.82,28.06
2026-01-02 08:00:00,6.4,61.5,1.6,31.23
2026-01-02 09:00:00,6.6,56.1,1.64,25.24
2026-01-02 10:00:00,4.7,47.0,1.92,16.0
2026-01-02 11:00:00,5.9,44.3,3.2,21.69
2026-01-02 12:00:00,6.5,25.0,2.71,9.14
2026-01-02 13:00:00,6.8,42.7,4.48,16.35
2026-01-02 14:00:00,8.2,35.6,2.95,6.49
2026-01-02 15:00:00,7.1,49.4,4.9,10.97
2026-01-02 16:00:00,7.4,51.2,3.38,26.84
2026-01-02 17:00:00,5.7,59.2,3.73,23.36
2026-01-02 18:00:00,4.9,67.9,3.36,18.53
2026-01-02 19:00:00,2.9,62.6,4.97,13.59
2026-01-02 20:00:00,1.1,83.1,3.7,16.11
2026-01-02 21:00:00,1.4,71.0,5.8,11.73
2026-01-02 22:00:00,0.3,63.0,4.2,13.68
2026-01-02 23:00:00,-1.0,70.5,3.01,17.63
2026-01-03 00:00:00,0.3,71.1,2.56,14.93
2026-01-03 01:00:00,-4.9,81.7,3.25,24.16
2026-01-03 02:00:00,-1.4,66.9,2.38,16.01
2026-01-03 03:00:00,-0.6,68.9,1.83,17.84
2026-01-03 04:00:00,2.6,64.8,2.06,13.67
2026-01-03 05:00:00,4.5,58.4,2.14,22.89
2026-01-03 06:00:00,1.2,66.7,2.25,12.18
2026-01-03 07:00:00,6.8,57.9,1.48,26.75
2026-01-03 08:00:00,4.1,60.8,2.96,23.09
2026-01-03 09:00:00,5.2,47.0,2.87,20.84
2026-01-03 10:00:00,7.4,54.1,2.54,11.26
2026-01-03 11:00:00,7.8,34.7,2.24,15.75
2026-01-03 12:00:00,6.1,35.4,3.3,6.49
2026-01-03 13:00:00,9.2,34.5,2.95,11.73
2026-01-03 14:00:00,8.8,44.7,3.48,16.75
2026-01-03 15:00:00,8.5,55.1,4.08,11.63
2026-01-03 16:00:00,5.3,47.6,3.26,16.0
2026-01-03 17:00:00,4.6,51.8,3.32,17.9
2026-01-03 18:00:00,3.4,57.8,3.65,17.93
2026-01-03 19:00:00,4.6,65.4,5.71,6.56
2026-01-03 20:00:00,-3.3,67.3,6.04,9.35
2026-01-03 21:00:00,-1.6,68.0,3.8,13.07
2026-01-03 22:00:00,-0.9,63.7,4.1,15.59
2026-01-03 23:00:00,-3.1,72.0,3.11,13.0
2026-01-04 00:00:00,-1.8,83.7,2.92,11.29
2026-01-04 01:00:00,-1.5,75.4,2.51,21.03
2026-01-04 02:00:00,-1.8,68.6,3.23,19.43
2026-01-04 03:00:00,0.1,79.0,3.53,18.1
2026-01-04 04:00:00,2.0,62.3,2.04,16.2
2026-01-04 05:00:00,1.9,73.5,1.96,21.09
2026-01-04 06:00:00,2.9,69.5,1.79,19.0
2026-01-04 07:00:00,4.6,55.6,3.31,16.41
2026-01-04 08:00:00,6.0,40.7,2.61,25.86
2026-01-04 09:00:00,4.5,66.0,1.78,28.5
2026-01-04 10:00:00,8.6,47.5,4.19,15.81
2026-01-04 11:00:00,7.7,42.0,2.05,11.99
2026-01-04 12:00:00,10.4,48.3,4.13,10.16
2026-01-04 13:00:00,9.3,47.9,3.9,12.73
2026-01-04 14:00:00,9.6,53.1,3.41,11.42
2026-01-04 15:00:00,5.6,44.4,3.61,10.64
2026-01-04 16:00:00,5.5,53.8,3.68,20.13
2026-01-04 17:00:00,3.0,48.2,3.47,19.92
2026-01-04 18:00:00,2.5,64.7,5.55,20.51
2026-01-04 19:00:00,4.1,61.6,3.85,14.82
2026-01-04 20:00:00,3.3,67.3,3.36,9.61
2026-01-04 21:00:00,-1.7,70.8,5.15,9.37
2026-01-04 22:00:00,-1.5,71.8,3.67,9.73
2026-01-04 23:00:00,-1.4,68.6,3.48,9.91
2026-01-05 00:00:00,-0.4,79.9,4.82,8.87
2026-01-05 01:00:00,-3.8,87.0,3.07,18.53
2026-01-05 02:00:00,-3.0,70.9,2.1,22.75
2026-01-05 03:00:00,0.9,73.6,2.62,18.77
2026-01-05 04:00:00,-1.7,72.4,1.66,21.84
2026-01-05 05:00:00,1.7,63.8,1.7,24.95
2026-01-05 06:00:00,3.9,48.2,2.07,23.22
2026-01-05 07:00:00,5.6,45.3,2.62,26.58
2026-01-05 08:00:00,6.0,45.7,1.76,22.89
2026-01-05 09:00:00,6.7,33.2,2.09,25.82
2026-01-05 10:00:00,9.3,54.0,2.29,23.34
2026-01-05 11:00:00,9.0,45.8,3.51,10.86
2026-01-05 12:00:00,7.7,43.6,2.9,19.02
2026-01-05 13:00:00,8.6,28.2,4.92,11.2
2026-01-05 14:00:00,8.6,32.0,3.17,6.29
2026-01-05 15:00:00,9.8,45.6,3.35,15.05
2026-01-05 16:00:00,7.4,63.9,4.97,22.16
2026-01-05 17:00:00,6.8,48.5,4.22,17.75
2026-01-05 18:00:00,2.8,65.8,5.05,19.22
2026-01-05 19:00:00,1.6,60.4,3.4,11.98
2026-01-05 20:00:00,0.8,67.7,3.75,13.94
2026-01-05 21:00:00,-0.0,79.0,3.78,15.28
2026-01-05 22:00:00,-2.1,71.7,3.52,16.71
2026-01-05 23:00:00,0.8,68.1,3.07,15.47
2026-01-06 00:00:00,0.2,83.8,3.01,21.53
2026-01-06 01:00:00,-1.4,75.1,2.78,15.16
2026-01-06 02:00:00,0.5,79.6,2.13,16.0
2026-01-06 03:00:00,0.7,65.2,3.02,24.54
2026-01-06 04:00:00,2.4,75.9,3.6,19.83
2026-01-06 05:00:00,0.5,66.6,2.43,19.57
2026-01-06 06:00:00,3.6,62.1,2.15,22.6
2026-01-06 07:00:00,5.1,55.8,1.88,28.06
2026-01-06 08:00:00,7.3,46.6,2.2,25.29
2026-01-06 09:00:00,6.4,48.3,2.43,27.29
2026-01-06 10:00:00,4.4,45.0,2.0,14.55
2026-01-06 11:00:00,7.1,51.5,3.41,13.0
2026-01-06 12:00:00,8.8,41.6,2.7,9.45
2026-01-06 13:00:00,8.8,32.9,4.43,15.16
2026-01-06 14:00:00,10.7,31.3,3.49,10.0
2026-01-06 15:00:00,8.3,34.8,4.4,12.16
2026-01-06 16:00:00,6.5,55.1,4.25,23.29
2026-01-06 17:00:00,5.1,46.8,3.41,24.86
2026-01-06 18:00:00,5.5,59.7,5.05,23.05
2026-01-06 19:00:00,1.7,64.7,3.54,20.28
2026-01-06 20:00:00,1.1,66.6,3.54,12.64
2026-01-06 21:00:00,-1.3,74.6,3.41,11.0
2026-01-06 22:00:00,1.7,72.2,2.88,14.07
2026-01-06 23:00:00,-0.4,54.9,3.28,13.67
2026-01-07 00:00:00,-2.1,73.4,3.76,20.51
2026-01-07 01:00:00,-1.0,77.4,3.88,18.32
2026-01-07 02:00:00,0.4,83.5,2.31,18.11
2026-01-07 03:00:00,0.1,82.2,2.19,20.68
2026-01-07 04:00:00,0.7,57.9,2.58,21.84
2026-01-07 05:00:00,1.7,61.3,1.85,20.87
2026-01-07 06:00:00,4.5,47.4,2.86,18.82
2026-01-07 07:00:00,4.8,65.7,1.9,28.53
2026-01-07 08:00:00,5.8,58.4,1.67,23.02
2026-01-07 09:00:00,5.5,51.5,2.33,20.09
2026-01-07 10:00:00,8.4,46.0,1.9,17.21
2026-01-07 11:00:00,8.6,53.2,2.77,21.9
2026-01-07 12:00:00,8.5,51.7,3.15,15.13
2026-01-07 13:00:00,9.1,51.2,2.83,21.32
2026-01-07 14:00:00,9.5,47.2,3.62,13.11
2026-01-07 15:00:00,8.6,44.2,3.47,16.06
2026-01-07 16:00:00,7.3,55.5,3.43,25.16
2026-01-07 17:00:00,4.9,60.7,3.35,25.52
2026-01-07 18:00:00,3.2,58.1,3.42,22.27
2026-01-07 19:00:00,1.1,61.7,5.29,10.24
2026-01-07 20:00:00,0.6,75.4,3.61,20.84
2026-01-07 21:00:00,0.5,81.7,3.84,15.53
2026-01-07 22:00:00,-1.5,68.4,3.3,19.83
2026-01-07 23:00:00,-0.7,72.3,4.62,10.76
2026-01-08 00:00:00,-2.3,78.3,2.56,25.44
2026-01-08 01:00:00,-3.2,79.5,2.68,17.18
2026-01-08 02:00:00,1.1,67.9,2.17,13.2
2026-01-08 03:00:00,-0.1,83.7,2.97,19.97
2026-01-08 04:00:00,0.4,70.6,2.26,12.3
2026-01-08 05:00:00,1.2,67.9,1.95,15.93
2026-01-08 06:00:00,4.8,70.5,1.44,28.96
2026-01-08 07:00:00,7.5,49.7,4.11,23.57
2026-01-08 08:00:00,6.0,50.5,1.95,26.06
2026-01-08 09:00:00,7.4,38.8,1.81,27.08
2026-01-08 10:00:00,10.1,42.3,1.89,15.34
2026-01-08 11:00:00,6.3,35.0,2.16,19.82
2026-01-08 12:00:00,12.1,45.6,2.91,14.65
2026-01-08 13:00:00,12.6,43.2,3.95,14.82
2026-01-08 14:00:00,4.4,46.1,3.58,9.22
2026-01-08 15:00:00,7.5,46.8,3.1,24.42
2026-01-08 16:00:00,5.6,56.9,3.78,24.47
2026-01-08 17:00:00,5.1,46.9,5.0,21.4
2026-01-08 18:00:00,3.5,60.6,3.73,22.04
2026-01-08 19:00:00,4.1,66.7,4.05,10.2
2026-01-08 20:00:00,1.5,54.3,3.61,9.15
2026-01-08 21:00:00,-0.7,75.9,3.94,15.52
2026-01-08 22:00:00,-0.4,61.0,3.06,23.91
2026-01-08 23:00:00,0.1,72.7,2.72,16.08
2026-01-09 00:00:00,-2.5,67.8,2.68,11.19
2026-01-09 01:00:00,-3.0,86.0,2.6,18.85
2026-01-09 02:00:00,3.0,61.9,2.19,20.93
2026-01-09 03:00:00,-0.2,59.1,1.98,18.18
2026-01-09 04:00:00,1.6,67.7,2.84,20.45
2026-01-09 05:00:00,2.4,60.3,1.52,24.62
2026-01-09 06:00:00,5.1,47.4,1.92,17.18
2026-01-09 07:00:00,8.3,56.0,1.44,31.31
2026-01-09 08:00:00,7.7,35.9,2.53,24.21
2026-01-09 09:00:00,5.6,41.8,2.35,30.61
2026-01-09 10:00:00,6.6,42.3,4.54,12.67
2026-01-09 11:00:00,8.5,49.2,2.22,18.1
2026-01-09 12:00:00,8.9,51.9,4.44,13.66
2026-01-09 13:00:00,6.6,52.9,2.77,18.31
2026-01-09 14:00:00,9.9,42.6,3.23,12.24
2026-01-09 15:00:00,6.2,31.6,3.13,9.54
2026-01-09 16:00:00,9.0,51.5,5.88,21.98
2026-01-09 17:00:00,8.3,62.5,4.13,23.81
2026-01-09 18:00:00,3.9,67.5,4.17,22.73
2026-01-09 19:00:00,3.7,65.4,3.5,10.73
2026-01-09 20:00:00,-0.0,59.7,3.18,18.72
2026-01-09 21:00:00,1.7,65.4,3.42,14.71
2026-01-09 22:00:00,-0.8,86.5,3.13,17.18
2026-01-09 23:00:00,-2.2,65.4,2.99,18.95
2026-01-10 00:00:00,-1.0,66.7,2.92,16.47
2026-01-10 01:00:00,-1.1,81.0,2.96,18.42
2026-01-10 02:00:00,-0.4,69.7,1.82,21.29
2026-01-10 03:00:00,2.3,60.3,1.73,20.79
2026-01-10 04:00:00,0.8,78.1,1.68,21.25
2026-01-10 05:00:00,5.8,63.7,2.79,21.5
2026-01-10 06:00:00,2.5,57.4,2.73,16.14
2026-01-10 07:00:00,8.2,44.3,2.16,25.04
2026-01-10 08:00:00,5.4,66.0,1.86,30.41
2026-01-10 09:00:00,8.0,46.9,3.12,26.36
2026-01-10 10:00:00,8.1,54.9,2.54,21.46
2026-01-10 11:00:00,8.8,49.6,3.5,17.88
2026-01-10 12:00:00,10.7,37.8,3.16,16.8
2026-01-10 13:00:00,11.5,37.6,2.62,9.92
2026-01-10 14:00:00,10.6,53.3,2.82,10.61
2026-01-10 15:00:00,7.4,57.8,3.39,10.5
2026-01-10 16:00:00,7.2,37.1,4.38,15.74
2026-01-10 17:00:00,4.6,59.1,3.59,15.22
2026-01-10 18:00:00,3.0,58.8,5.06,20.82
2026-01-10 19:00:00,1.4,56.7,4.39,5.65
2026-01-10 20:00:00,1.3,68.8,4.81,8.4
2026-01-10 21:00:00,1.3,60.0,3.4,7.28
2026-01-10 22:00:00,-2.7,71.3,3.0,14.84
2026-01-10 23:00:00,-0.4,68.4,2.72,11.47
2026-01-11 00:00:00,1.9,69.0,3.23,9.66
2026-01-11 01:00:00,1.5,71.9,2.11,17.46
2026-01-11 02:00:00,-0.6,65.8,1.88,12.71
2026-01-11 03:00:00,-1.0,82.3,1.9,15.26
2026-01-11 04:00:00,2.8,69.2,2.15,21.9
2026-01-11 05:00:00,-0.2,77.8,1.59,20.64
2026-01-11 06:00:00,6.3,55.9,2.73,11.41
2026-01-11 07:00:00,5.6,50.6,3.0,23.42
2026-01-11 08:00:00,9.9,60.4,2.31,30.24
2026-01-11 09:00:00,5.6,45.0,1.92,24.69
2026-01-11 10:00:00,10.3,42.1,3.06,17.44
2026-01-11 11:00:00,9.3,48.0,2.94,11.03
2026-01-11 12:00:00,9.1,34.0,2.98,13.38
2026-01-11 13:00:00,7.4,49.5,3.07,14.95
2026-01-11 14:00:00,9.8,47.8,2.88,18.33
2026-01-11 15:00:00,9.2,55.1,6.04,5.08
2026-01-11 16:00:00,9.8,54.4,3.3,18.07
2026-01-11 17:00:00,7.4,62.1,5.42,16.97
2026-01-11 18:00:00,3.7,58.3,4.35,16.12
2026-01-11 19:00:00,1.8,57.6,3.61,7.13
2026-01-11 20:00:00,0.1,82.7,3.46,14.23
2026-01-11 21:00:00,3.3,57.2,3.08,16.97
2026-01-11 22:00:00,-0.9,63.1,3.4,8.83
2026-01-11 23:00:00,2.0,75.9,2.63,19.85
2026-01-12 00:00:00,0.6,84.9,3.8,16.71
2026-01-12 01:00:00,0.4,74.6,2.79,21.94
2026-01-12 02:00:00,-0.0,79.4,2.37,26.28
2026-01-12 03:00:00,2.2,54.7,2.23,21.19
2026-01-12 04:00:00,2.2,62.7,2.21,19.09
2026-01-12 05:00:00,2.9,49.7,1.75,22.34
2026-01-12 06:00:00,5.8,62.8,1.78,19.93
2026-01-12 07:00:00,5.8,43.4,3.67,27.5
2026-01-12 08:00:00,6.1,42.2,2.82,25.4
2026-01-12 09:00:00,9.2,49.8,2.61,32.69
2026-01-12 10:00:00,9.0,51.8,2.15,16.8
2026-01-12 11:00:00,10.3,41.0,2.08,14.95
2026-01-12 12:00:00,9.1,46.7,3.22,9.74
2026-01-12 13:00:00,7.8,47.9,3.2,13.34
2026-01-12 14:00:00,11.7,40.7,3.27,11.0
2026-01-12 15:00:00,10.6,37.4,3.55,11.25
2026-01-12 16:00:00,8.6,53.1,3.31,20.19
2026-01-12 17:00:00,5.5,58.8,3.48,25.01
2026-01-12 18:00:00,4.3,64.8,4.69,19.5
2026-01-12 19:00:00,5.5,62.9,3.29,11.57
2026-01-12 20:00:00,1.7,58.4,4.4,11.9
2026-01-12 21:00:00,0.3,75.1,4.83,18.61
2026-01-12 22:00:00,3.2,69.8,3.7,15.52
2026-01-12 23:00:00,-0.1,70.3,3.42,16.97
2026-01-13 00:00:00,2.6,69.9,2.51,22.19
2026-01-13 01:00:00,-2.0,70.4,2.29,22.24
2026-01-13 02:00:00,1.4,77.5,2.18,22.01
2026-01-13 03:00:00,4.5,57.0,1.7,19.2
2026-01-13 04:00:00,2.5,59.1,1.66,24.53
2026-01-13 05:00:00,3.2,60.2,1.97,12.39
2026-01-13 06:00:00,3.2,70.8,1.66,19.81
2026-01-13 07:00:00,7.8,60.0,2.02,34.53
2026-01-13 08:00:00,6.3,39.5,2.82,29.89
2026-01-13 09:00:00,8.3,56.3,2.28,28.64
2026-01-13 10:00:00,7.4,55.1,2.67,9.98
2026-01-13 11:00:00,12.1,32.5,2.11,13.34
2026-01-13 12:00:00,11.7,25.0,3.66,12.93
2026-01-13 13:00:00,9.7,42.1,2.62,12.69
2026-01-13 14:00:00,7.5,53.5,3.13,12.54
2026-01-13 15:00:00,10.8,56.0,3.16,13.91
2026-01-13 16:00:00,6.9,44.4,3.2,28.22
2026-01-13 17:00:00,4.6,67.5,3.92,22.72
2026-01-13 18:00:00,2.3,44.6,4.24,20.31
2026-01-13 19:00:00,2.7,60.4,5.13,10.4
2026-01-13 20:00:00,0.2,64.9,3.9,9.69
2026-01-13 21:00:00,0.4,78.2,3.23,15.29
2026-01-13 22:00:00,1.7,80.1,3.15,13.6
2026-01-13 23:00:00,-0.5,80.7,2.61,19.6
2026-01-14 00:00:00,0.6,64.1,2.69,21.58
2026-01-14 01:00:00,-0.8,80.3,2.6,17.36
2026-01-14 02:00:00,0.8,75.3,2.7,21.7
2026-01-14 03:00:00,4.4,55.3,2.71,22.5
2026-01-14 04:00:00,2.0,51.9,2.31,24.85
2026-01-14 05:00:00,4.4,68.9,1.53,23.44
2026-01-14 06:00:00,2.7,58.6,1.43,22.37
2026-01-14 07:00:00,8.6,43.0,2.39,27.63
2026-01-14 08:00:00,6.9,49.1,1.47,34.9
2026-01-14 09:00:00,10.2,47.9,4.17,17.2
2026-01-14 10:00:00,9.2,43.7,2.05,24.86
2026-01-14 11:00:00,10.8,30.9,3.56,13.37
2026-01-14 12:00:00,11.1,54.3,2.61,18.19
2026-01-14 13:00:00,9.2,50.1,3.51,14.52
2026-01-14 14:00:00,11.0,40.4,2.94,13.05
2026-01-14 15:00:00,7.5,45.5,3.6,9.46
2026-01-14 16:00:00,8.7,51.5,3.22,20.22
2026-01-14 17:00:00,5.8,46.4,4.04,21.66
2026-01-14 18:00:00,5.6,59.8,3.44,25.71
2026-01-14 19:00:00,3.1,53.3,3.43,16.17
2026-01-14 20:00:00,2.6,65.4,3.53,12.91
2026-01-14 21:00:00,-0.1,62.4,3.46,15.67
2026-01-14 22:00:00,1.1,63.7,3.7,18.64
2026-01-14 23:00:00,0.3,84.9,3.39,19.45
2026-01-15 00:00:00,-0.6,74.9,2.95,18.63
2026-01-15 01:00:00,0.3,74.8,3.27,21.91
2026-01-15 02:00:00,1.1,57.4,2.61,22.84
2026-01-15 03:00:00,0.8,65.7,2.45,29.15
2026-01-15 04:00:00,2.5,69.2,1.6,22.08
2026-01-15 05:00:00,2.4,64.5,2.64,20.09
2026-01-15 06:00:00,8.7,39.9,2.48,15.42
2026-01-15 07:00:00,8.1,53.9,2.02,28.39
2026-01-15 08:00:00,8.1,52.1,2.58,29.17
2026-01-15 09:00:00,10.5,54.1,2.14,26.81
2026-01-15 10:00:00,6.6,41.8,3.73,12.32
2026-01-15 11:00:00,6.2,29.7,2.67,20.27
2026-01-15 12:00:00,9.6,35.3,2.83,8.7
2026-01-15 13:00:00,8.0,36.3,3.37,10.57
2026-01-15 14:00:00,9.2,49.4,5.05,11.14
2026-01-15 15:00:00,9.1,27.2,3.32,10.59
2026-01-15 16:00:00,9.1,45.6,3.93,16.34
2026-01-15 17:00:00,4.8,65.0,3.61,22.43
2026-01-15 18:00:00,5.8,57.4,3.83,21.3
2026-01-15 19:00:00,4.0,68.2,3.49,15.7
2026-01-15 20:00:00,3.2,53.9,4.01,11.51
2026-01-15 21:00:00,0.9,58.5,3.59,13.37
2026-01-15 22:00:00,3.0,80.1,3.92,14.76
2026-01-15 23:00:00,0.2,74.1,3.95,18.95
2026-01-16 00:00:00,3.0,72.3,3.86,21.53
2026-01-16 01:00:00,-0.6,66.3,2.4,20.21
2026-01-16 02:00:00,2.2,71.4,2.61,21.79
2026-01-16 03:00:00,1.8,61.1,3.23,15.84
2026-01-16 04:00:00,2.4,74.4,1.66,23.56
2026-01-16 05:00:00,5.0,80.2,1.97,25.83
2026-01-16 06:00:00,4.9,61.4,1.54,24.47
2026-01-16 07:00:00,2.7,52.3,3.56,18.38
2026-01-16 08:00:00,3.3,35.6,3.06,24.65
2026-01-16 09:00:00,10.8,33.1,2.53,27.71
2026-01-16 10:00:00,11.6,53.2,2.73,18.08
2026-01-16 11:00:00,13.0,32.8,2.31,15.31
2026-01-16 12:00:00,10.4,39.1,4.08,10.5
2026-01-16 13:00:00,8.3,48.4,2.99,19.17
2026-01-16 14:00:00,9.1,54.7,3.1,13.77
2026-01-16 15:00:00,8.9,45.0,4.46,9.74
2026-01-16 16:00:00,6.4,48.1,3.56,24.56
2026-01-16 17:00:00,9.1,52.1,3.58,20.56
2026-01-16 18:00:00,8.7,50.6,4.48,22.63
2026-01-16 19:00:00,4.8,57.2,3.42,10.54
2026-01-16 20:00:00,2.9,68.6,4.11,14.16
2026-01-16 21:00:00,-0.1,71.9,3.65,21.32
2026-01-16 22:00:00,3.4,84.6,3.9,8.94
2026-01-16 23:00:00,0.7,76.1,3.42,10.44
2026-01-17 00:00:00,0.1,82.0,5.64,7.46
2026-01-17 01:00:00,1.4,65.0,2.74,14.3
2026-01-17 02:00:00,0.3,75.8,2.19,17.0
2026-01-17 03:00:00,2.2,63.6,2.17,19.95
2026-01-17 04:00:00,0.9,70.1,2.29,21.61
2026-01-17 05:00:00,5.9,65.2,3.47,14.56
2026-01-17 06:00:00,5.4,58.0,2.3,15.48
2026-01-17 07:00:00,8.6,68.9,1.59,28.69
2026-01-17 08:00:00,7.7,59.8,2.78,24.39
2026-01-17 09:00:00,8.9,54.7,1.83,21.99
2026-01-17 10:00:00,8.0,50.5,1.97,13.57
2026-01-17 11:00:00,11.5,53.5,2.17,11.64
2026-01-17 12:00:00,9.2,32.6,2.85,12.69
2026-01-17 13:00:00,9.6,52.3,3.13,13.61
2026-01-17 14:00:00,9.9,36.8,3.09,7.03
2026-01-17 15:00:00,9.3,42.2,3.11,10.35
2026-01-17 16:00:00,5.5,55.5,3.34,16.34
2026-01-17 17:00:00,6.5,62.3,4.28,15.51
2026-01-17 18:00:00,6.7,48.5,3.74,17.66
2026-01-17 19:00:00,3.7,58.6,3.46,7.38
2026-01-17 20:00:00,2.7,66.5,3.81,14.31
2026-01-17 21:00:00,2.2,67.4,3.77,11.31
2026-01-17 22:00:00,1.0,77.6,3.63,15.97
2026-01-17 23:00:00,-0.8,98.0,3.18,16.23
2026-01-18 00:00:00,0.6,76.4,2.84,12.0
2026-01-18 01:00:00,2.4,66.6,3.59,18.26
2026-01-18 02:00:00,-0.2,63.5,1.98,9.67
2026-01-18 03:00:00,1.6,66.9,2.06,18.53
2026-01-18 04:00:00,1.1,60.5,1.48,23.2
2026-01-18 05:00:00,5.8,63.7,1.75,21.5
2026-01-18 06:00:00,5.6,60.7,1.98,16.26
2026-01-18 07:00:00,5.7,51.1,2.5,29.56
2026-01-18 08:00:00,8.3,63.2,1.48,27.76
2026-01-18 09:00:00,7.4,42.4,2.26,23.74
2026-01-18 10:00:00,8.5,44.0,4.18,10.44
2026-01-18 11:00:00,8.3,48.2,2.93,13.81
2026-01-18 12:00:00,9.1,49.0,2.44,11.06
2026-01-18 13:00:00,12.6,49.3,2.97,15.06
2026-01-18 14:00:00,8.9,47.5,3.71,7.52
2026-01-18 15:00:00,9.9,52.9,3.31,9.83
2026-01-18 16:00:00,6.9,45.8,3.9,12.18
2026-01-18 17:00:00,8.1,58.8,3.97,18.67
2026-01-18 18:00:00,4.2,65.0,3.85,17.41
2026-01-18 19:00:00,4.5,72.1,3.39,11.07
2026-01-18 20:00:00,3.3,53.7,3.44,9.3
2026-01-18 21:00:00,5.6,59.6,5.57,12.09
2026-01-18 22:00:00,2.3,76.3,3.19,14.43
2026-01-18 23:00:00,-0.0,55.1,2.99,15.5
2026-01-19 00:00:00,1.9,75.9,2.73,18.43
2026-01-19 01:00:00,4.2,77.6,3.18,14.7
2026-01-19 02:00:00,-0.9,69.1,2.26,24.45
2026-01-19 03:00:00,1.0,66.6,2.15,17.64
2026-01-19 04:00:00,3.0,58.1,2.1,22.02
2026-01-19 05:00:00,3.9,58.3,2.58,22.06
2026-01-19 06:00:00,5.3,54.3,1.86,16.57
2026-01-19 07:00:00,5.2,50.0,1.95,26.82
2026-01-19 08:00:00,10.5,42.5,1.76,25.99
2026-01-19 09:00:00,7.2,45.8,2.35,23.4
2026-01-19 10:00:00,9.9,41.7,2.75,15.93
2026-01-19 11:00:00,12.2,53.7,3.05,23.41
2026-01-19 12:00:00,10.8,38.6,4.57,8.84
2026-01-19 13:00:00,9.2,45.5,2.81,17.66
2026-01-19 14:00:00,8.2,41.0,3.38,13.67
2026-01-19 15:00:00,9.0,42.2,3.47,19.75
2026-01-19 16:00:00,7.2,38.3,5.14,17.57
2026-01-19 17:00:00,7.4,41.9,4.3,20.43
2026-01-19 18:00:00,3.7,50.6,3.38,19.16
2026-01-19 19:00:00,5.8,61.8,3.56,12.05
2026-01-19 20:00:00,3.5,72.7,3.57,22.61
2026-01-19 21:00:00,2.6,55.9,3.1,19.85
2026-01-19 22:00:00,3.7,65.6,3.42,19.16
2026-01-19 23:00:00,0.4,63.7,2.9,13.23
2026-01-20 00:00:00,-0.1,72.2,4.65,18.86
2026-01-20 01:00:00,0.3,80.8,2.79,15.12
2026-01-20 02:00:00,1.4,68.2,2.19,16.35
2026-01-20 03:00:00,2.3,68.3,1.79,21.98
2026-01-20 04:00:00,2.3,76.4,1.97,23.11
2026-01-20 05:00:00,1.7,67.0,3.18,18.49
2026-01-20 06:00:00,5.2,52.6,1.76,20.2
2026-01-20 07:00:00,7.8,53.7,1.87,28.76
2026-01-20 08:00:00,8.7,43.2,2.82,29.28
2026-01-20 09:00:00,11.3,47.4,2.32,22.3
2026-01-20 10:00:00,13.3,44.6,2.92,20.84
2026-01-20 11:00:00,12.0,31.3,2.83,24.17
2026-01-20 12:00:00,13.1,40.8,3.06,16.13
2026-01-20 13:00:00,12.0,40.0,2.63,8.71
2026-01-20 14:00:00,12.9,45.1,2.96,10.47
2026-01-20 15:00:00,12.3,49.5,3.67,10.84
2026-01-20 16:00:00,9.9,51.4,3.38,28.76
2026-01-20 17:00:00,8.4,50.1,3.8,21.85
2026-01-20 18:00:00,5.7,64.0,3.45,22.53
2026-01-20 19:00:00,4.6,55.3,4.67,8.95
2026-01-20 20:00:00,3.0,56.4,3.42,11.72
2026-01-20 21:00:00,3.4,45.4,3.2,15.25
2026-01-20 22:00:00,0.6,71.4,2.91,16.83
2026-01-20 23:00:00,0.9,67.1,3.56,26.72
2026-01-21 00:00:00,-2.4,78.7,2.84,21.34
2026-01-21 01:00:00,3.9,56.7,3.4,21.5
2026-01-21 02:00:00,1.5,66.7,2.12,19.47
2026-01-21 03:00:00,3.3,71.1,1.75,19.16
2026-01-21 04:00:00,5.8,56.1,1.95,17.22
2026-01-21 05:00:00,5.3,63.7,2.91,14.51
2026-01-21 06:00:00,8.3,51.4,1.37,23.22
2026-01-21 07:00:00,5.6,54.2,2.05,28.01
2026-01-21 08:00:00,12.3,50.4,2.21,29.56
2026-01-21 09:00:00,11.3,51.1,3.38,27.12
2026-01-21 10:00:00,10.8,43.6,2.03,18.91
2026-01-21 11:00:00,13.1,34.2,2.1,13.48
2026-01-21 12:00:00,9.4,39.3,2.66,16.29
2026-01-21 13:00:00,10.6,46.4,3.67,14.14
2026-01-21 14:00:00,12.7,34.3,3.37,15.56
2026-01-21 15:00:00,6.9,46.8,3.86,11.57
2026-01-21 16:00:00,9.5,45.7,3.34,21.79
2026-01-21 17:00:00,8.2,51.6,3.7,26.56
2026-01-21 18:00:00,9.1,47.6,3.89,19.14
2026-01-21 19:00:00,2.5,50.2,3.35,13.88
2026-01-21 20:00:00,6.1,66.8,3.75,18.42
2026-01-21 21:00:00,1.8,75.8,3.41,23.62
2026-01-21 22:00:00,1.2,58.9,6.63,10.21
2026-01-21 23:00:00,-0.5,76.6,3.11,17.69
2026-01-22 00:00:00,-0.3,81.8,4.16,12.65
2026-01-22 01:00:00,2.1,76.1,2.89,15.75
2026-01-22 02:00:00,0.3,69.2,2.29,19.72
2026-01-22 03:00:00,3.9,60.8,3.24,22.76
2026-01-22 04:00:00,2.8,66.3,1.58,17.98
2026-01-22 05:00:00,3.2,64.3,1.69,24.24
2026-01-22 06:00:00,5.5,58.3,2.47,18.47
2026-01-22 07:00:00,8.1,51.1,1.35,31.69
2026-01-22 08:00:00,8.4,41.7,1.96,25.81
2026-01-22 09:00:00,9.9,48.6,2.12,24.74
2026-01-22 10:00:00,11.7,45.6,2.49,19.61
2026-01-22 11:00:00,12.8,41.6,2.48,16.18
2026-01-22 12:00:00,10.8,42.1,3.43,11.3
2026-01-22 13:00:00,9.6,54.5,2.8,21.31
2026-01-22 14:00:00,10.8,38.6,4.06,11.4
2026-01-22 15:00:00,10.6,54.0,3.17,14.14
2026-01-22 16:00:00,6.6,45.6,3.91,18.98
2026-01-22 17:00:00,6.3,61.6,4.77,23.38
2026-01-22 18:00:00,5.2,66.4,3.52,18.13
2026-01-22 19:00:00,4.7,59.3,3.55,17.3
2026-01-22 20:00:00,2.7,77.5,4.46,13.58
2026-01-22 21:00:00,3.8,70.7,3.66,15.85
2026-01-22 22:00:00,-0.4,66.6,2.86,17.07
2026-01-22 23:00:00,-0.9,71.7,3.23,23.88
2026-01-23 00:00:00,1.0,81.2,3.28,19.08
2026-01-23 01:00:00,1.4,79.0,3.38,18.71
2026-01-23 02:00:00,-0.0,65.0,2.53,17.71
2026-01-23 03:00:00,2.0,67.9,2.46,18.9
2026-01-23 04:00:00,3.4,66.7,3.44,18.98
2026-01-23 05:00:00,4.6,57.9,2.53,21.25
2026-01-23 06:00:00,6.7,73.2,1.73,19.98
2026-01-23 07:00:00,6.8,55.1,1.82,26.05
2026-01-23 08:00:00,11.2,46.6,2.89,24.21
2026-01-23 09:00:00,10.7,53.3,2.31,31.2
2026-01-23 10:00:00,9.6,41.4,2.42,11.49
2026-01-23 11:00:00,11.4,48.3,2.45,18.37
2026-01-23 12:00:00,11.7,29.0,3.71,10.27
2026-01-23 13:00:00,13.1,36.7,2.79,12.99
2026-01-23 14:00:00,9.9,51.0,3.15,19.32
2026-01-23 15:00:00,11.2,55.6,4.41,7.12
2026-01-23 16:00:00,9.0,43.4,4.56,17.12
2026-01-23 17:00:00,10.0,44.7,6.22,20.65
2026-01-23 18:00:00,8.4,59.3,3.83,28.19
2026-01-23 19:00:00,5.5,56.4,3.69,19.35
2026-01-23 20:00:00,3.6,63.3,3.63,16.23
2026-01-23 21:00:00,3.7,73.7,3.08,19.19
2026-01-23 22:00:00,1.9,67.1,2.83,19.89
2026-01-23 23:00:00,4.2,56.5,3.28,20.68
2026-01-24 00:00:00,1.7,63.5,2.69,16.04
2026-01-24 01:00:00,1.2,72.7,2.3,22.65
2026-01-24 02:00:00,1.6,58.1,2.42,16.98
2026-01-24 03:00:00,1.3,67.4,2.33,18.36
2026-01-24 04:00:00,5.0,54.3,1.93,13.22
2026-01-24 05:00:00,4.1,73.3,1.84,16.66
2026-01-24 06:00:00,8.3,70.5,1.68,15.8
2026-01-24 07:00:00,6.0,46.7,2.37,19.14
2026-01-24 08:00:00,9.3,50.3,1.76,20.18
2026-01-24 09:00:00,11.9,37.3,1.79,23.36
2026-01-24 10:00:00,7.7,43.3,2.17,14.04
2026-01-24 11:00:00,14.5,51.5,2.74,13.37
2026-01-24 12:00:00,11.0,37.9,3.39,14.62
2026-01-24 13:00:00,11.7,39.1,4.86,10.12
2026-01-24 14:00:00,11.8,35.6,3.42,9.12
2026-01-24 15:00:00,11.2,52.5,4.88,5.21
2026-01-24 16:00:00,9.5,25.5,3.46,20.7
2026-01-24 17:00:00,9.4,48.3,3.51,19.1
2026-01-24 18:00:00,7.4,55.8,4.14,14.99
2026-01-24 19:00:00,8.0,54.1,4.21,9.06
2026-01-24 20:00:00,4.9,70.1,3.84,9.86
2026-01-24 21:00:00,6.0,74.1,6.9,4.63
2026-01-24 22:00:00,3.6,59.6,3.12,11.14
2026-01-24 23:00:00,-0.9,89.0,4.17,11.46
2026-01-25 00:00:00,5.7,59.5,2.55,18.99
2026-01-25 01:00:00,1.1,81.7,3.05,19.9
2026-01-25 02:00:00,4.7,69.7,2.39,21.59
2026-01-25 03:00:00,3.3,64.3,2.31,21.33
2026-01-25 04:00:00,5.9,60.4,2.28,19.88
2026-01-25 05:00:00,4.4,61.3,1.95,17.96
2026-01-25 06:00:00,7.7,57.3,1.81,19.12
2026-01-25 07:00:00,7.7,46.3,1.39,23.04
2026-01-25 08:00:00,11.6,45.0,2.67,27.86
2026-01-25 09:00:00,11.0,39.3,1.73,25.6
2026-01-25 10:00:00,12.5,33.1,2.19,7.7
2026-01-25 11:00:00,8.4,38.0,2.81,16.39
2026-01-25 12:00:00,11.6,32.6,2.47,8.73
2026-01-25 13:00:00,12.2,37.7,3.07,15.2
2026-01-25 14:00:00,11.4,45.5,3.92,5.97
2026-01-25 15:00:00,11.8,45.0,3.39,14.7
2026-01-25 16:00:00,8.7,62.8,3.68,26.94
2026-01-25 17:00:00,8.1,36.9,3.48,16.9
2026-01-25 18:00:00,8.5,58.4,3.73,21.69
2026-01-25 19:00:00,2.1,63.5,3.4,11.5
2026-01-25 20:00:00,5.2,69.6,3.85,18.44
2026-01-25 21:00:00,2.7,73.3,3.11,17.24
2026-01-25 22:00:00,1.1,70.4,3.1,11.34
2026-01-25 23:00:00,2.4,72.8,3.16,12.52
2026-01-26 00:00:00,3.8,65.8,2.78,18.15
2026-01-26 01:00:00,3.7,75.0,2.84,17.69
2026-01-26 02:00:00,2.4,57.3,2.32,15.59
2026-01-26 03:00:00,4.7,72.2,1.76,21.66
2026-01-26 04:00:00,5.7,63.3,2.01,15.04
2026-01-26 05:00:00,5.5,57.3,2.7,12.21
2026-01-26 06:00:00,5.9,55.7,2.48,19.84
2026-01-26 07:00:00,7.3,52.0,5.16,21.57
2026-01-26 08:00:00,10.7,56.5,1.78,24.27
2026-01-26 09:00:00,10.4,67.8,2.68,19.48
2026-01-26 10:00:00,9.7,52.4,2.83,13.53
2026-01-26 11:00:00,9.2,39.1,3.97,13.61
2026-01-26 12:00:00,13.2,43.9,3.85,10.39
2026-01-26 13:00:00,10.9,46.4,3.29,16.82
2026-01-26 14:00:00,11.8,35.7,3.75,15.75
2026-01-26 15:00:00,12.3,34.8,3.81,11.55
2026-01-26 16:00:00,7.5,49.6,3.72,26.25
2026-01-26 17:00:00,8.2,58.0,4.16,25.17
2026-01-26 18:00:00,6.7,45.4,3.97,16.74
2026-01-26 19:00:00,6.2,55.1,3.91,16.49
2026-01-26 20:00:00,6.3,67.0,5.17,14.86
2026-01-26 21:00:00,1.4,69.7,3.75,13.74
2026-01-26 22:00:00,3.5,79.5,3.42,14.9
2026-01-26 23:00:00,3.6,60.8,3.05,17.11
2026-01-27 00:00:00,1.8,89.0,2.75,15.99
2026-01-27 01:00:00,2.0,61.2,2.2,15.18
2026-01-27 02:00:00,3.4,55.5,2.35,16.28
2026-01-27 03:00:00,4.1,66.8,3.02,22.58
2026-01-27 04:00:00,5.5,55.7,1.77,19.62
2026-01-27 05:00:00,6.6,59.5,1.36,21.61
2026-01-27 06:00:00,5.6,57.0,2.17,19.9
2026-01-27 07:00:00,9.9,49.6,2.02,28.87
2026-01-27 08:00:00,11.3,41.0,3.41,26.1
2026-01-27 09:00:00,10.9,47.8,1.89,22.05
2026-01-27 10:00:00,9.2,42.0,1.93,16.08
2026-01-27 11:00:00,11.7,48.7,2.51,11.48
2026-01-27 12:00:00,12.4,38.8,2.7,16.32
2026-01-27 13:00:00,10.2,35.5,2.63,17.71
2026-01-27 14:00:00,10.9,31.1,3.42,10.43
2026-01-27 15:00:00,8.5,45.5,3.37,17.54
2026-01-27 16:00:00,10.5,38.7,4.87,16.32
2026-01-27 17:00:00,8.6,42.5,3.9,16.24
2026-01-27 18:00:00,4.6,62.0,3.56,23.22
2026-01-27 19:00:00,6.3,47.6,3.83,9.67
2026-01-27 20:00:00,4.5,74.3,3.85,13.48
2026-01-27 21:00:00,4.3,68.1,3.94,15.92
2026-01-27 22:00:00,2.2,70.4,3.39,23.06
2026-01-27 23:00:00,1.1,65.5,5.14,5.95
2026-01-28 00:00:00,1.1,78.5,2.45,18.26
2026-01-28 01:00:00,1.6,72.3,2.4,16.3
2026-01-28 02:00:00,2.9,65.2,2.06,18.78
2026-01-28 03:00:00,3.9,68.7,2.01,20.64
2026-01-28 04:00:00,4.4,52.7,2.19,22.2
2026-01-28 05:00:00,5.3,49.4,2.04,11.57
2026-01-28 06:00:00,6.7,48.8,2.22,20.18
2026-01-28 07:00:00,12.3,51.5,1.96,25.11
2026-01-28 08:00:00,8.6,49.1,2.1,26.77
2026-01-28 09:00:00,9.9,52.9,2.23,32.24
2026-01-28 10:00:00,16.5,32.0,2.18,20.46
2026-01-28 11:00:00,12.7,44.3,2.39,17.09
2026-01-28 12:00:00,10.2,41.1,2.55,11.99
2026-01-28 13:00:00,13.3,33.1,3.52,13.45
2026-01-28 14:00:00,10.2,46.1,2.83,15.15
2026-01-28 15:00:00,12.1,43.3,3.66,14.41
2026-01-28 16:00:00,9.4,44.1,4.27,19.63
2026-01-28 17:00:00,7.9,52.9,4.62,18.63
2026-01-28 18:00:00,9.6,53.4,3.32,16.05
2026-01-28 19:00:00,6.8,58.6,3.66,12.31
2026-01-28 20:00:00,6.2,60.2,3.43,15.95
2026-01-28 21:00:00,4.4,57.9,3.37,13.96
2026-01-28 22:00:00,2.2,71.1,4.38,15.82
2026-01-28 23:00:00,3.3,65.3,2.83,22.42
2026-01-29 00:00:00,4.2,63.5,3.41,17.09
2026-01-29 01:00:00,2.8,69.7,2.7,16.08
2026-01-29 02:00:00,5.8,72.9,2.14,18.09
2026-01-29 03:00:00,5.1,67.7,1.9,26.39
2026-01-29 04:00:00,5.2,60.1,2.15,26.16
2026-01-29 05:00:00,6.5,55.9,1.87,27.06
2026-01-29 06:00:00,7.6,60.4,1.37,29.36
2026-01-29 07:00:00,6.8,36.7,1.54,23.45
2026-01-29 08:00:00,9.8,53.8,2.17,25.34
2026-01-29 09:00:00,11.3,31.4,1.73,18.41
2026-01-29 10:00:00,11.1,32.8,3.03,20.18
2026-01-29 11:00:00,12.7,36.6,2.14,18.33
2026-01-29 12:00:00,12.4,55.3,2.74,16.77
2026-01-29 13:00:00,13.4,51.4,3.54,9.84
2026-01-29 14:00:00,12.7,46.4,2.99,15.35
2026-01-29 15:00:00,11.2,47.1,3.14,17.15
2026-01-29 16:00:00,7.8,36.7,4.01,21.81
2026-01-29 17:00:00,11.4,50.9,4.4,20.89
2026-01-29 18:00:00,7.2,52.4,3.77,24.5
2026-01-29 19:00:00,6.0,54.6,3.65,12.48
2026-01-29 20:00:00,4.4,65.6,3.26,20.27
2026-01-29 21:00:00,3.1,64.7,3.61,14.03
2026-01-29 22:00:00,5.4,74.2,2.85,12.6
2026-01-29 23:00:00,4.6,56.3,4.15,17.41
2026-01-30 00:00:00,3.2,72.0,2.8,18.71
2026-01-30 01:00:00,2.6,65.4,2.25,19.25
2026-01-30 02:00:00,4.1,66.2,2.11,19.37
2026-01-30 03:00:00,4.1,69.3,2.24,25.79
2026-01-30 04:00:00,4.8,56.4,1.79,16.75
2026-01-30 05:00:00,6.8,60.9,1.89,24.79
2026-01-30 06:00:00,6.9,55.0,1.48,18.01
2026-01-30 07:00:00,9.2,46.9,2.7,30.15
2026-01-30 08:00:00,10.3,44.4,1.75,30.03
2026-01-30 09:00:00,12.0,42.8,1.62,21.9
2026-01-30 10:00:00,10.9,37.5,2.19,14.39
2026-01-30 11:00:00,13.4,39.7,2.31,20.97
2026-01-30 12:00:00,11.2,39.1,3.6,13.33
2026-01-30 13:00:00,11.5,36.9,2.77,13.38
2026-01-30 14:00:00,11.1,53.9,3.16,13.45
2026-01-30 15:00:00,9.5,48.8,3.67,16.78
2026-01-30 16:00:00,11.6,44.1,4.09,25.05
2026-01-30 17:00:00,7.4,54.0,4.94,13.07
2026-01-30 18:00:00,6.5,49.6,3.53,30.75
2026-01-30 19:00:00,8.1,55.5,4.8,10.35
2026-01-30 20:00:00,4.2,62.4,4.43,12.78
2026-01-30 21:00:00,3.7,58.8,3.27,14.53
2026-01-30 22:00:00,1.7,73.7,3.03,16.32
2026-01-30 23:00:00,4.0,66.9,3.35,15.37
2026-01-31 00:00:00,4.0,68.3,2.85,11.55
2026-01-31 01:00:00,4.0,66.4,2.83,14.34
2026-01-31 02:00:00,4.2,89.8,2.21,19.78
2026-01-31 03:00:00,4.3,62.4,2.19,9.74
2026-01-31 04:00:00,4.4,50.0,1.93,16.28
2026-01-31 05:00:00,5.2,49.8,2.12,17.86
2026-01-31 06:00:00,9.6,59.6,1.52,16.08
2026-01-31 07:00:00,10.1,60.1,1.97,33.63
2026-01-31 08:00:00,9.2,43.9,3.08,18.11
2026-01-31 09:00:00,11.3,53.4,3.17,18.19
2026-01-31 10:00:00,11.6,47.5,2.51,14.93
2026-01-31 11:00:00,10.8,40.4,2.25,11.72
2026-01-31 12:00:00,13.0,37.8,4.57,10.47
2026-01-31 13:00:00,11.9,42.2,3.34,11.43
2026-01-31 14:00:00,10.6,49.3,4.91,10.03
2026-01-31 15:00:00,9.0,49.1,3.82,10.1
2026-01-31 16:00:00,7.8,45.0,3.18,18.19
2026-01-31 17:00:00,8.4,50.9,5.52,18.87
2026-01-31 18:00:00,7.6,69.8,4.42,16.44
2026-01-31 19:00:00,5.1,62.8,3.84,7.12
2026-01-31 20:00:00,6.2,69.1,3.23,18.76
2026-01-31 21:00:00,4.1,71.0,4.23,13.11
2026-01-31 22:00:00,4.2,70.9,3.61,15.33
2026-01-31 23:00:00,2.6,72.3,5.31,12.43
2026-02-01 00:00:00,1.7,78.9,4.25,17.83
2026-02-01 01:00:00,3.2,76.1,2.73,20.16
2026-02-01 02:00:00,1.6,72.9,2.46,19.34
2026-02-01 03:00:00,5.1,61.5,2.41,17.38
2026-02-01 04:00:00,3.9,67.5,1.73,17.13
2026-02-01 05:00:00,7.9,58.3,1.93,9.66
2026-02-01 06:00:00,7.3,54.0,1.79,19.77
2026-02-01 07:00:00,10.7,69.1,2.83,26.07
2026-02-01 08:00:00,8.7,38.3,3.18,23.75
2026-02-01 09:00:00,10.4,51.9,2.6,26.7
2026-02-01 10:00:00,12.7,35.4,2.04,19.53
2026-02-01 11:00:00,14.4,39.8,4.41,7.65
2026-02-01 12:00:00,15.3,55.7,3.52,7.76
2026-02-01 13:00:00,12.7,33.5,3.32,3.97
2026-02-01 14:00:00,14.9,34.6,3.73,10.23
2026-02-01 15:00:00,10.9,44.6,3.12,9.1
2026-02-01 16:00:00,12.0,40.5,3.66,16.89
2026-02-01 17:00:00,7.7,58.9,4.87,19.41
2026-02-01 18:00:00,8.5,51.5,3.41,19.03
2026-02-01 19:00:00,3.0,67.3,3.37,8.46
2026-02-01 20:00:00,3.7,55.8,4.39,18.38
2026-02-01 21:00:00,5.0,53.8,3.88,8.57
2026-02-01 22:00:00,1.5,69.6,2.91,10.62
2026-02-01 23:00:00,3.7,59.7,3.01,10.54
2026-02-02 00:00:00,4.4,81.1,3.07,16.03
2026-02-02 01:00:00,2.4,60.9,2.73,20.52
2026-02-02 02:00:00,2.2,63.4,2.62,25.81
2026-02-02 03:00:00,3.8,70.4,2.01,22.95
2026-02-02 04:00:00,4.0,60.7,2.15,26.29
2026-02-02 05:00:00,6.6,49.2,2.34,19.74
2026-02-02 06:00:00,8.2,69.8,2.24,22.7
2026-02-02 07:00:00,8.8,44.8,1.76,31.89
2026-02-02 08:00:00,13.0,44.2,2.52,29.28
2026-02-02 09:00:00,10.5,43.7,1.8,32.99
2026-02-02 10:00:00,14.4,45.0,2.11,17.23
2026-02-02 11:00:00,11.3,44.6,3.26,13.54
2026-02-02 12:00:00,13.1,33.7,3.37,5.84
2026-02-02 13:00:00,14.6,36.4,3.03,13.98
2026-02-02 14:00:00,14.0,38.8,3.1,20.38
2026-02-02 15:00:00,10.9,50.0,3.35,18.31
2026-02-02 16:00:00,11.3,38.8,4.14,19.88
2026-02-02 17:00:00,9.9,65.1,4.09,28.03
2026-02-02 18:00:00,7.2,50.9,3.58,20.97
2026-02-02 19:00:00,7.6,58.9,4.33,10.09
2026-02-02 20:00:00,8.3,53.2,3.61,10.49
2026-02-02 21:00:00,5.2,57.3,3.23,11.3
2026-02-02 22:00:00,4.5,62.7,3.18,16.8
2026-02-02 23:00:00,4.2,63.5,3.19,15.5
2026-02-03 00:00:00,1.0,70.3,3.33,20.13
2026-02-03 01:00:00,4.0,63.5,3.02,17.27
2026-02-03 02:00:00,2.3,75.4,2.33,18.08
2026-02-03 03:00:00,3.7,62.0,2.29,12.8
2026-02-03 04:00:00,8.9,54.6,1.92,22.98
2026-02-03 05:00:00,6.5,57.2,1.61,22.92
2026-02-03 06:00:00,7.0,63.3,1.85,19.15
2026-02-03 07:00:00,11.2,51.5,1.39,29.48
2026-02-03 08:00:00,9.2,47.9,3.2,23.97
2026-02-03 09:00:00,11.0,34.7,2.28,29.79
2026-02-03 10:00:00,14.4,32.1,2.65,13.17
2026-02-03 11:00:00,13.0,31.0,2.33,17.68
2026-02-03 12:00:00,10.8,50.5,2.98,14.53
2026-02-03 13:00:00,13.8,43.1,3.34,14.61
2026-02-03 14:00:00,11.9,36.1,3.27,14.22
2026-02-03 15:00:00,14.0,38.4,3.5,10.61
2026-02-03 16:00:00,9.7,42.4,3.31,21.46
2026-02-03 17:00:00,11.0,43.9,5.47,19.55
2026-02-03 18:00:00,10.8,56.6,3.59,20.32
2026-02-03 19:00:00,5.6,58.6,3.59,15.94
2026-02-03 20:00:00,5.4,78.3,5.02,12.93
2026-02-03 21:00:00,5.2,75.1,3.89,14.09
2026-02-03 22:00:00,2.5,79.5,3.84,16.46
2026-02-03 23:00:00,3.7,75.3,2.69,19.55
2026-02-04 00:00:00,3.0,68.7,2.97,19.42
2026-02-04 01:00:00,3.1,75.3,2.17,21.81
2026-02-04 02:00:00,4.0,66.7,2.05,22.03
2026-02-04 03:00:00,4.9,78.0,4.04,15.66
2026-02-04 04:00:00,6.0,66.0,1.63,17.44
2026-02-04 05:00:00,6.1,62.1,2.33,17.23
2026-02-04 06:00:00,7.5,56.9,1.52,14.07
2026-02-04 07:00:00,9.4,63.5,1.59,33.08
2026-02-04 08:00:00,10.7,37.4,5.0,11.78
2026-02-04 09:00:00,11.2,57.4,2.13,32.26
2026-02-04 10:00:00,13.1,39.8,1.92,15.84
2026-02-04 11:00:00,10.4,32.2,3.07,18.39
2026-02-04 12:00:00,12.2,35.0,3.81,8.17
2026-02-04 13:00:00,12.7,28.7,3.67,7.89
2026-02-04 14:00:00,11.3,47.1,3.29,20.0
2026-02-04 15:00:00,14.3,34.8,3.52,17.08
2026-02-04 16:00:00,10.8,48.5,3.52,19.32
2026-02-04 17:00:00,9.9,58.9,3.44,16.47
2026-02-04 18:00:00,7.6,51.2,4.07,15.91
2026-02-04 19:00:00,7.0,57.6,3.74,16.56
2026-02-04 20:00:00,4.0,55.7,3.3,12.66
2026-02-04 21:00:00,4.5,64.2,3.55,17.07
2026-02-04 22:00:00,2.6,88.4,3.09,21.95
2026-02-04 23:00:00,3.1,76.6,3.29,12.36
2026-02-05 00:00:00,-0.4,72.5,2.97,22.33
2026-02-05 01:00:00,1.9,67.8,2.45,17.57
2026-02-05 02:00:00,6.3,67.0,2.37,23.66
2026-02-05 03:00:00,6.2,66.5,2.21,18.43
2026-02-05 04:00:00,7.9,58.7,2.66,14.19
2026-02-05 05:00:00,9.2,61.4,1.89,20.0
2026-02-05 06:00:00,9.5,47.8,1.66,26.6
2026-02-05 07:00:00,9.1,44.9,1.78,30.63
2026-02-05 08:00:00,9.4,51.1,3.52,25.03
2026-02-05 09:00:00,13.7,34.4,1.82,31.65
2026-02-05 10:00:00,12.9,46.4,2.28,17.0
2026-02-05 11:00:00,17.0,36.7,2.51,15.7
2026-02-05 12:00:00,12.9,26.9,2.79,14.15
2026-02-05 13:00:00,16.2,38.2,2.72,17.92
2026-02-05 14:00:00,12.5,29.8,3.25,14.72
2026-02-05 15:00:00,14.0,47.2,3.35,12.07
2026-02-05 16:00:00,13.5,43.5,3.9,17.19
2026-02-05 17:00:00,8.2,65.3,4.63,25.98
2026-02-05 18:00:00,7.7,63.3,4.08,16.52
2026-02-05 19:00:00,5.6,53.2,3.9,14.05
2026-02-05 20:00:00,4.1,50.6,4.01,18.65
2026-02-05 21:00:00,5.9,60.5,3.69,14.88
2026-02-05 22:00:00,3.8,60.8,3.37,20.53
2026-02-05 23:00:00,3.7,83.4,3.75,16.43
2026-02-06 00:00:00,4.4,70.4,2.74,20.56
2026-02-06 01:00:00,1.0,79.3,2.2,22.04
2026-02-06 02:00:00,6.2,65.4,2.13,19.3
2026-02-06 03:00:00,4.5,65.6,1.88,26.71
2026-02-06 04:00:00,6.9,62.3,3.94,15.61
2026-02-06 05:00:00,8.2,66.3,2.76,19.68
2026-02-06 06:00:00,10.7,55.7,1.94,18.0
2026-02-06 07:00:00,9.7,43.7,1.63,29.96
2026-02-06 08:00:00,7.9,61.0,2.61,27.57
2026-02-06 09:00:00,12.2,41.7,2.21,30.3
2026-02-06 10:00:00,13.2,37.8,2.24,9.53
2026-02-06 11:00:00,11.9,25.0,2.67,14.0
2026-02-06 12:00:00,13.8,43.4,2.75,13.9
2026-02-06 13:00:00,12.9,40.8,3.4,15.86
2026-02-06 14:00:00,10.9,43.6,2.95,14.33
2026-02-06 15:00:00,13.1,40.2,3.84,10.62
2026-02-06 16:00:00,10.3,43.8,3.61,20.64
2026-02-06 17:00:00,9.3,48.9,4.46,18.9
2026-02-06 18:00:00,7.9,58.9,4.75,21.45
2026-02-06 19:00:00,9.2,62.3,4.96,6.72
2026-02-06 20:00:00,6.0,61.6,5.81,7.93
2026-02-06 21:00:00,5.2,73.0,4.66,15.47
2026-02-06 22:00:00,3.6,69.0,3.97,21.9
2026-02-06 23:00:00,4.5,66.5,2.73,16.65
2026-02-07 00:00:00,5.8,70.8,2.32,12.34
2026-02-07 01:00:00,4.9,60.2,3.34,12.54
2026-02-07 02:00:00,5.4,69.7,2.04,9.74
2026-02-07 03:00:00,6.1,54.8,5.61,6.05
2026-02-07 04:00:00,4.2,57.5,1.53,16.11
2026-02-07 05:00:00,6.1,46.1,2.46,13.32
2026-02-07 06:00:00,8.4,54.0,1.99,11.75
2026-02-07 07:00:00,8.9,63.0,1.45,31.7
2026-02-07 08:00:00,9.6,47.5,2.12,24.48
2026-02-07 09:00:00,9.5,50.4,1.87,24.63
2026-02-07 10:00:00,11.1,59.2,2.34,14.8
2026-02-07 11:00:00,13.2,42.7,2.58,11.82
2026-02-07 12:00:00,13.6,33.7,2.58,14.82
2026-02-07 13:00:00,12.4,36.1,2.97,10.48
2026-02-07 14:00:00,13.2,41.1,3.05,12.75
2026-02-07 15:00:00,11.6,39.8,3.07,10.62
2026-02-07 16:00:00,12.9,41.8,3.8,17.6
2026-02-07 17:00:00,9.8,58.0,4.91,24.19
2026-02-07 18:00:00,9.8,61.4,3.57,23.49
2026-02-07 19:00:00,7.8,47.4,5.55,9.7
2026-02-07 20:00:00,4.1,59.0,5.8,8.58
2026-02-07 21:00:00,5.1,63.2,3.39,11.25
2026-02-07 22:00:00,2.6,74.5,3.27,11.58
2026-02-07 23:00:00,3.8,78.6,2.95,9.75
2026-02-08 00:00:00,2.8,90.7,2.47,14.1
2026-02-08 01:00:00,4.6,66.6,2.51,14.97
2026-02-08 02:00:00,2.5,67.4,2.22,18.01
2026-02-08 03:00:00,5.4,70.3,2.22,23.91
2026-02-08 04:00:00,7.3,57.4,2.09,23.24
2026-02-08 05:00:00,9.0,57.0,1.49,16.93
2026-02-08 06:00:00,7.7,52.9,2.26,21.16
2026-02-08 07:00:00,10.2,32.4,1.8,19.81
2026-02-08 08:00:00,11.7,47.5,1.63,27.55
2026-02-08 09:00:00,14.7,40.4,2.05,25.13
2026-02-08 10:00:00,11.0,51.7,2.48,19.51
2026-02-08 11:00:00,12.4,40.6,3.92,8.99
2026-02-08 12:00:00,18.1,26.7,3.96,12.66
2026-02-08 13:00:00,13.3,38.0,2.91,8.55
2026-02-08 14:00:00,10.4,28.7,3.3,14.35
2026-02-08 15:00:00,11.6,35.8,3.25,10.8
2026-02-08 16:00:00,7.2,54.7,3.94,18.64
2026-02-08 17:00:00,10.5,48.7,3.63,12.1
2026-02-08 18:00:00,10.1,60.4,3.78,18.17
2026-02-08 19:00:00,6.2,46.4,4.6,13.52
2026-02-08 20:00:00,5.7,61.8,3.32,12.7
2026-02-08 21:00:00,6.7,61.8,4.67,15.03
2026-02-08 22:00:00,1.9,77.5,3.64,14.3
2026-02-08 23:00:00,2.1,76.6,4.16,17.06
2026-02-09 00:00:00,3.7,75.5,3.38,16.8
2026-02-09 01:00:00,3.1,81.9,3.28,15.65
2026-02-09 02:00:00,4.3,66.4,2.4,20.88
2026-02-09 03:00:00,3.6,76.9,1.79,28.52
2026-02-09 04:00:00,6.9,55.2,1.76,22.47
2026-02-09 05:00:00,7.5,51.5,1.6,21.73
2026-02-09 06:00:00,9.9,59.4,1.34,29.85
2026-02-09 07:00:00,10.6,39.9,2.66,32.02
2026-02-09 08:00:00,11.8,50.5,1.97,31.17
2026-02-09 09:00:00,10.4,45.9,1.83,28.3
2026-02-09 10:00:00,14.1,47.8,4.36,17.12
2026-02-09 11:00:00,13.4,39.3,5.44,9.5
2026-02-09 12:00:00,13.8,39.4,2.43,9.89
2026-02-09 13:00:00,15.4,41.6,3.03,11.1
2026-02-09 14:00:00,12.3,37.1,3.24,10.68
2026-02-09 15:00:00,14.6,36.9,3.23,12.5
2026-02-09 16:00:00,13.7,48.4,4.47,20.38
2026-02-09 17:00:00,11.5,49.5,3.31,15.74
2026-02-09 18:00:00,7.6,53.1,5.39,12.04
2026-02-09 19:00:00,4.5,61.0,3.89,19.32
2026-02-09 20:00:00,8.2,72.6,5.57,12.86
2026-02-09 21:00:00,5.7,62.8,3.58,10.42
2026-02-09 22:00:00,3.6,66.2,3.24,14.24
2026-02-09 23:00:00,6.0,56.9,3.95,18.51
2026-02-10 00:00:00,2.9,71.4,4.7,16.35
2026-02-10 01:00:00,3.7,75.2,4.16,21.23
2026-02-10 02:00:00,5.6,73.7,1.88,22.81
2026-02-10 03:00:00,4.0,68.1,3.31,14.35
2026-02-10 04:00:00,6.5,69.5,1.86,21.11
2026-02-10 05:00:00,9.5,62.6,1.85,17.75
2026-02-10 06:00:00,9.5,62.2,1.71,16.38
2026-02-10 07:00:00,12.3,55.9,1.66,23.63
2026-02-10 08:00:00,13.4,56.3,1.91,27.98
2026-02-10 09:00:00,12.7,42.1,1.8,25.96
2026-02-10 10:00:00,10.0,34.3,3.52,15.42
2026-02-10 11:00:00,12.4,45.2,3.11,19.01
2026-02-10 12:00:00,15.3,43.2,3.03,17.53
2026-02-10 13:00:00,11.7,52.0,2.97,19.71
2026-02-10 14:00:00,13.0,50.2,3.14,12.58
2026-02-10 15:00:00,13.2,56.6,3.87,14.53
2026-02-10 16:00:00,13.9,49.2,3.91,22.48
2026-02-10 17:00:00,9.6,52.8,4.73,18.16
2026-02-10 18:00:00,8.2,45.7,3.65,25.42
2026-02-10 19:00:00,7.8,61.0,3.58,7.5
2026-02-10 20:00:00,7.2,58.4,4.2,7.67
2026-02-10 21:00:00,5.4,67.6,4.22,13.03
2026-02-10 22:00:00,6.4,67.6,6.02,11.32
2026-02-10 23:00:00,3.2,74.4,2.63,15.2
2026-02-11 00:00:00,4.5,69.7,4.1,13.56
2026-02-11 01:00:00,5.2,76.0,2.71,17.88
2026-02-11 02:00:00,4.4,49.8,2.17,19.32
2026-02-11 03:00:00,7.1,66.2,2.47,24.2
2026-02-11 04:00:00,7.1,70.8,2.29,26.04
2026-02-11 05:00:00,9.2,70.8,1.72,16.47
2026-02-11 06:00:00,9.6,59.4,1.38,18.43
2026-02-11 07:00:00,11.2,61.7,3.14,24.95
2026-02-11 08:00:00,10.9,48.5,1.72,35.5
2026-02-11 09:00:00,11.9,44.0,1.84,30.91
2026-02-11 10:00:00,15.5,42.9,2.12,18.07
2026-02-11 11:00:00,15.1,38.3,3.21,16.76
2026-02-11 12:00:00,12.8,34.3,2.73,16.32
2026-02-11 13:00:00,14.4,35.3,2.88,11.39
2026-02-11 14:00:00,10.1,35.7,3.63,14.2
2026-02-11 15:00:00,12.0,47.6,3.74,13.95
2026-02-11 16:00:00,13.3,45.5,3.5,18.06
2026-02-11 17:00:00,10.4,48.0,3.35,22.53
2026-02-11 18:00:00,9.5,50.4,4.44,18.27
2026-02-11 19:00:00,3.5,65.8,4.01,15.41
2026-02-11 20:00:00,6.2,68.5,3.21,15.32
2026-02-11 21:00:00,6.3,57.5,5.01,15.72
2026-02-11 22:00:00,5.7,58.8,2.84,18.36
2026-02-11 23:00:00,5.9,75.5,2.82,14.65
2026-02-12 00:00:00,4.2,61.0,2.58,20.11
2026-02-12 01:00:00,4.4,73.9,2.38,21.68
2026-02-12 02:00:00,3.1,81.2,2.13,21.3
2026-02-12 03:00:00,5.6,77.3,1.74,27.7
2026-02-12 04:00:00,5.1,69.1,2.12,18.43
2026-02-12 05:00:00,5.4,65.7,2.63,20.14
2026-02-12 06:00:00,7.8,71.5,1.98,14.97
2026-02-12 07:00:00,13.0,32.1,2.11,24.49
2026-02-12 08:00:00,11.6,43.5,1.87,27.24
2026-02-12 09:00:00,13.3,48.8,2.25,31.82
2026-02-12 10:00:00,13.0,38.8,2.63,15.83
2026-02-12 11:00:00,11.6,49.8,3.11,19.58
2026-02-12 12:00:00,15.9,37.0,2.6,10.55
2026-02-12 13:00:00,11.0,42.5,2.82,14.64
2026-02-12 14:00:00,13.0,39.3,2.82,12.42
2026-02-12 15:00:00,12.9,39.5,5.45,17.99
2026-02-12 16:00:00,12.3,42.3,5.5,12.84
2026-02-12 17:00:00,9.7,53.1,3.82,21.31
2026-02-12 18:00:00,6.7,51.2,3.89,18.3
2026-02-12 19:00:00,7.0,66.2,5.16,7.29
2026-02-12 20:00:00,5.8,67.9,3.32,13.88
2026-02-12 21:00:00,4.8,74.4,3.24,19.36
2026-02-12 22:00:00,6.6,59.2,4.78,14.86
2026-02-12 23:00:00,2.8,59.4,2.99,9.48
2026-02-13 00:00:00,5.1,69.9,2.5,16.44
2026-02-13 01:00:00,5.0,89.9,2.91,24.2
2026-02-13 02:00:00,6.7,75.9,2.1,22.07
2026-02-13 03:00:00,5.9,61.9,3.32,22.14
2026-02-13 04:00:00,8.3,64.3,2.08,18.59
2026-02-13 05:00:00,8.1,63.8,1.65,24.85
2026-02-13 06:00:00,10.3,44.2,1.63,20.89
2026-02-13 07:00:00,8.7,61.6,2.17,35.27
2026-02-13 08:00:00,8.2,48.3,1.92,26.7
2026-02-13 09:00:00,13.7,41.9,2.02,22.1
2026-02-13 10:00:00,14.6,40.1,2.9,20.61
2026-02-13 11:00:00,15.2,46.3,3.95,13.36
2026-02-13 12:00:00,13.8,33.7,3.28,11.91
2026-02-13 13:00:00,16.7,25.1,2.84,8.18
2026-02-13 14:00:00,13.3,43.3,2.98,18.83
2026-02-13 15:00:00,13.8,28.2,4.06,10.52
2026-02-13 16:00:00,13.0,43.5,4.14,24.16
2026-02-13 17:00:00,13.5,56.4,3.66,22.01
2026-02-13 18:00:00,9.1,58.7,3.8,17.59
2026-02-13 19:00:00,7.3,66.5,3.56,18.72
2026-02-13 20:00:00,4.9,68.4,3.36,15.37
2026-02-13 21:00:00,8.4,80.6,3.33,20.23
2026-02-13 22:00:00,5.9,63.5,2.81,10.52
2026-02-13 23:00:00,5.5,72.0,4.05,16.77
2026-02-14 00:00:00,9.4,63.4,2.43,16.92
2026-02-14 01:00:00,5.4,76.0,2.61,13.04
2026-02-14 02:00:00,3.5,69.2,1.83,16.25
2026-02-14 03:00:00,5.9,77.8,2.54,17.37
2026-02-14 04:00:00,5.8,59.7,2.63,16.63
2026-02-14 05:00:00,7.9,68.7,1.95,25.31
2026-02-14 06:00:00,9.2,58.8,1.84,16.13
2026-02-14 07:00:00,10.2,50.5,1.63,25.7
2026-02-14 08:00:00,10.2,51.7,2.9,32.06
2026-02-14 09:00:00,15.7,42.8,1.69,23.61
2026-02-14 10:00:00,14.5,42.5,2.17,12.49
2026-02-14 11:00:00,14.2,37.6,2.3,13.21
2026-02-14 12:00:00,15.9,32.4,2.55,13.4
2026-02-14 13:00:00,15.3,35.8,3.99,9.75
2026-02-14 14:00:00,14.5,28.2,3.31,12.68
2026-02-14 15:00:00,14.3,48.0,3.3,11.19
2026-02-14 16:00:00,12.5,37.4,3.93,20.12
2026-02-14 17:00:00,12.1,47.7,3.98,18.8
2026-02-14 18:00:00,10.9,57.8,4.48,17.39
2026-02-14 19:00:00,8.7,64.0,4.1,12.28
2026-02-14 20:00:00,6.9,50.0,3.7,15.86
2026-02-14 21:00:00,8.5,63.0,3.57,12.85
2026-02-14 22:00:00,4.7,71.8,3.61,20.38
2026-02-14 23:00:00,5.5,69.5,2.78,15.53
2026-02-15 00:00:00,5.5,79.0,3.0,14.94
2026-02-15 01:00:00,4.2,64.5,3.92,9.47
2026-02-15 02:00:00,4.4,54.6,2.42,12.11
2026-02-15 03:00:00,5.8,71.5,2.0,21.39
2026-02-15 04:00:00,6.7,58.9,1.84,25.14
2026-02-15 05:00:00,6.4,47.7,2.11,14.21
2026-02-15 06:00:00,8.9,53.8,1.97,15.94
2026-02-15 07:00:00,11.6,58.2,2.32,24.06
2026-02-15 08:00:00,14.3,35.7,1.75,28.32
2026-02-15 09:00:00,14.3,58.5,2.07,32.37
2026-02-15 10:00:00,10.3,37.5,2.92,17.29
2026-02-15 11:00:00,15.7,38.5,3.24,11.75
2026-02-15 12:00:00,14.1,30.2,3.5,13.28
2026-02-15 13:00:00,15.4,38.4,3.59,13.07
2026-02-15 14:00:00,14.2,39.3,3.86,9.0
2026-02-15 15:00:00,13.1,32.6,3.7,6.93
2026-02-15 16:00:00,12.2,66.0,3.29,20.98
2026-02-15 17:00:00,11.2,46.5,3.4,23.52
2026-02-15 18:00:00,11.9,49.0,3.91,23.6
2026-02-15 19:00:00,8.6,65.0,3.89,11.97
2026-02-15 20:00:00,9.0,73.5,3.41,15.59
2026-02-15 21:00:00,7.8,72.2,3.27,17.81
2026-02-15 22:00:00,6.6,58.7,3.33,7.78
2026-02-15 23:00:00,2.4,73.2,5.27,10.18
2026-02-16 00:00:00,6.7,55.5,2.5,22.46
2026-02-16 01:00:00,4.5,76.3,2.43,21.86
2026-02-16 02:00:00,6.8,55.5,2.98,11.88
2026-02-16 03:00:00,5.0,60.8,2.61,18.4
2026-02-16 04:00:00,5.8,63.4,2.18,25.9
2026-02-16 05:00:00,11.7,58.9,1.39,15.22
2026-02-16 06:00:00,8.6,53.3,1.76,22.99
2026-02-16 07:00:00,13.0,59.1,3.53,25.14
2026-02-16 08:00:00,12.7,50.9,1.68,21.63
2026-02-16 09:00:00,12.9,47.7,1.83,28.13
2026-02-16 10:00:00,14.3,31.6,3.62,13.93
2026-02-16 11:00:00,12.9,52.0,2.57,17.45
2026-02-16 12:00:00,15.0,32.4,2.37,16.07
2026-02-16 13:00:00,13.2,52.0,2.73,12.45
2026-02-16 14:00:00,13.8,54.7,3.12,11.3
2026-02-16 15:00:00,15.0,45.1,3.72,9.48
2026-02-16 16:00:00,12.9,52.9,3.64,25.69
2026-02-16 17:00:00,9.1,30.0,3.49,20.71
2026-02-16 18:00:00,11.3,51.6,3.78,20.46
2026-02-16 19:00:00,8.7,65.8,3.52,11.08
2026-02-16 20:00:00,6.7,69.1,5.46,10.75
2026-02-16 21:00:00,7.6,55.9,3.16,16.76
2026-02-16 22:00:00,5.5,66.0,3.16,20.2
2026-02-16 23:00:00,3.5,53.1,2.87,14.42
2026-02-17 00:00:00,7.9,70.5,2.62,10.19
2026-02-17 01:00:00,5.3,56.2,2.22,13.27
2026-02-17 02:00:00,5.7,75.7,3.51,15.64
2026-02-17 03:00:00,6.0,73.9,4.46,13.73
2026-02-17 04:00:00,9.4,57.1,2.23,17.87
2026-02-17 05:00:00,8.1,62.3,2.07,25.2
2026-02-17 06:00:00,7.9,54.2,1.39,20.72
2026-02-17 07:00:00,10.4,52.2,3.02,32.15
2026-02-17 08:00:00,14.7,36.2,1.68,22.39
2026-02-17 09:00:00,15.0,45.9,1.67,27.5
2026-02-17 10:00:00,14.1,28.8,2.72,9.52
2026-02-17 11:00:00,17.1,25.0,3.39,12.58
2026-02-17 12:00:00,16.3,36.1,3.97,12.59
2026-02-17 13:00:00,14.6,37.2,2.93,15.19
2026-02-17 14:00:00,14.3,42.1,3.13,12.47
2026-02-17 15:00:00,14.2,37.6,3.69,14.85
2026-02-17 16:00:00,11.4,60.1,3.64,21.35
2026-02-17 17:00:00,11.5,50.8,4.2,18.81
2026-02-17 18:00:00,10.6,55.1,3.99,19.12
2026-02-17 19:00:00,6.3,61.4,3.49,15.01
2026-02-17 20:00:00,7.4,69.1,4.88,20.34
2026-02-17 21:00:00,6.2,69.6,3.94,17.95
2026-02-17 22:00:00,7.4,69.6,4.12,14.0
2026-02-17 23:00:00,2.6,76.7,2.79,19.1
2026-02-18 00:00:00,4.7,57.4,3.21,16.85
2026-02-18 01:00:00,4.8,57.3,3.17,22.57
2026-02-18 02:00:00,7.4,65.9,2.47,24.53
2026-02-18 03:00:00,6.7,63.7,1.77,21.63
2026-02-18 04:00:00,10.5,63.7,2.05,20.86
2026-02-18 05:00:00,10.0,57.2,2.38,23.08
2026-02-18 06:00:00,9.7,58.3,2.7,17.51
2026-02-18 07:00:00,12.0,40.6,1.43,24.89
2026-02-18 08:00:00,12.3,46.1,2.09,23.42
2026-02-18 09:00:00,15.1,32.0,1.73,29.42
2026-02-18 10:00:00,12.6,44.2,2.86,16.55
2026-02-18 11:00:00,13.9,26.1,3.33,15.04
2026-02-18 12:00:00,16.0,39.6,2.51,20.02
2026-02-18 13:00:00,17.0,26.5,2.73,14.54
2026-02-18 14:00:00,11.3,39.9,3.11,19.28
2026-02-18 15:00:00,15.9,47.1,3.5,26.41
2026-02-18 16:00:00,12.6,47.5,3.44,21.95
2026-02-18 17:00:00,8.8,40.4,4.4,15.45
2026-02-18 18:00:00,5.8,52.6,4.7,17.49
2026-02-18 19:00:00,6.7,49.2,3.9,14.88
2026-02-18 20:00:00,7.8,49.9,3.45,9.29
2026-02-18 21:00:00,6.7,66.0,3.48,11.34
2026-02-18 22:00:00,6.9,70.8,3.43,19.87
2026-02-18 23:00:00,4.7,73.0,3.01,14.48
2026-02-19 00:00:00,3.8,75.2,2.83,17.06
2026-02-19 01:00:00,5.0,69.5,3.36,21.6
2026-02-19 02:00:00,6.2,65.5,2.06,18.55
2026-02-19 03:00:00,7.3,57.2,4.02,12.21
2026-02-19 04:00:00,6.8,59.5,2.08,13.75
2026-02-19 05:00:00,10.5,47.5,1.76,22.58
2026-02-19 06:00:00,9.5,48.5,1.55,19.84
2026-02-19 07:00:00,10.4,51.2,1.61,27.76
2026-02-19 08:00:00,12.1,45.5,2.01,24.12
2026-02-19 09:00:00,15.6,62.5,2.24,25.51
2026-02-19 10:00:00,14.6,30.5,2.22,19.7
2026-02-19 11:00:00,14.2,38.1,2.17,14.6
2026-02-19 12:00:00,16.8,26.6,2.88,13.07
2026-02-19 13:00:00,18.5,32.9,2.84,10.43
2026-02-19 14:00:00,15.1,37.1,2.87,15.41
2026-02-19 15:00:00,15.8,46.8,3.97,15.38
2026-02-19 16:00:00,14.5,41.3,3.25,27.91
2026-02-19 17:00:00,10.8,48.9,3.67,23.35
2026-02-19 18:00:00,10.5,50.6,3.82,24.12
2026-02-19 19:00:00,7.2,49.5,4.82,16.67
2026-02-19 20:00:00,7.6,57.3,3.24,15.07
2026-02-19 21:00:00,6.0,63.0,4.05,11.2
2026-02-19 22:00:00,5.5,68.5,3.98,24.9
2026-02-19 23:00:00,4.5,73.9,4.48,13.38
2026-02-20 00:00:00,5.1,68.2,3.66,15.59
2026-02-20 01:00:00,6.5,66.6,2.57,20.06
2026-02-20 02:00:00,6.1,55.5,2.89,19.37
2026-02-20 03:00:00,4.2,70.9,3.2,23.99
2026-02-20 04:00:00,7.0,57.6,1.48,18.22
2026-02-20 05:00:00,7.0,64.7,1.46,23.19
2026-02-20 06:00:00,10.9,62.5,2.0,20.51
2026-02-20 07:00:00,12.6,47.5,2.51,29.25
2026-02-20 08:00:00,13.5,38.1,2.37,29.21
2026-02-20 09:00:00,12.9,43.1,2.35,26.01
2026-02-20 10:00:00,15.3,41.8,3.7,18.71
2026-02-20 11:00:00,14.7,36.4,2.46,16.9
2026-02-20 12:00:00,13.9,35.0,2.57,12.6
2026-02-20 13:00:00,16.5,41.1,2.9,18.26
2026-02-20 14:00:00,16.1,42.2,3.51,12.14
2026-02-20 15:00:00,15.5,38.7,3.52,10.31
2026-02-20 16:00:00,12.2,34.7,4.39,14.94
2026-02-20 17:00:00,13.6,51.2,3.55,19.37
2026-02-20 18:00:00,9.8,48.8,4.1,21.29
2026-02-20 19:00:00,10.3,58.4,4.35,9.27
2026-02-20 20:00:00,7.3,63.2,4.77,13.75
2026-02-20 21:00:00,6.7,51.9,3.17,18.72
2026-02-20 22:00:00,2.6,70.9,3.14,10.02
2026-02-20 23:00:00,5.3,73.0,3.04,19.14
2026-02-21 00:00:00,5.8,73.8,2.41,17.2
2026-02-21 01:00:00,5.3,70.2,2.79,18.85
2026-02-21 02:00:00,9.0,51.3,2.54,19.09
2026-02-21 03:00:00,5.4,75.1,2.28,16.35
2026-02-21 04:00:00,7.4,65.0,1.89,15.7
2026-02-21 05:00:00,8.1,50.2,2.81,10.27
2026-02-21 06:00:00,9.9,48.6,1.64,20.15
2026-02-21 07:00:00,13.6,49.7,2.71,24.76
2026-02-21 08:00:00,15.4,48.4,1.77,27.59
2026-02-21 09:00:00,13.2,39.5,1.75,22.1
2026-02-21 10:00:00,14.0,46.2,2.34,17.96
2026-02-21 11:00:00,13.8,26.8,2.67,6.17
2026-02-21 12:00:00,17.7,28.6,3.11,8.36
2026-02-21 13:00:00,17.2,25.0,2.58,12.46
2026-02-21 14:00:00,14.9,33.4,3.21,13.22
2026-02-21 15:00:00,12.2,54.3,5.31,15.6
2026-02-21 16:00:00,11.3,61.4,3.48,21.81
2026-02-21 17:00:00,12.3,50.7,4.45,13.8
2026-02-21 18:00:00,11.5,48.3,7.38,11.91
2026-02-21 19:00:00,6.3,58.5,5.88,4.5
2026-02-21 20:00:00,7.7,65.1,3.35,20.67
2026-02-21 21:00:00,9.6,51.9,4.11,12.66
2026-02-21 22:00:00,6.1,63.5,3.96,14.97
2026-02-21 23:00:00,8.1,77.1,3.53,11.26
2026-02-22 00:00:00,6.8,61.2,2.45,14.81
2026-02-22 01:00:00,4.4,64.8,2.72,15.53
2026-02-22 02:00:00,6.1,67.6,2.48,16.64
2026-02-22 03:00:00,7.1,66.8,1.72,19.51
2026-02-22 04:00:00,6.9,58.1,1.86,13.82
2026-02-22 05:00:00,8.1,59.2,2.04,16.67
2026-02-22 06:00:00,13.1,55.8,1.82,16.98
2026-02-22 07:00:00,10.7,64.1,2.36,22.53
2026-02-22 08:00:00,15.0,43.1,1.85,27.05
2026-02-22 09:00:00,13.7,42.2,2.22,24.61
2026-02-22 10:00:00,15.1,50.2,3.05,15.91
2026-02-22 11:00:00,16.5,33.4,4.14,7.09
2026-02-22 12:00:00,14.9,28.8,2.45,14.09
2026-02-22 13:00:00,16.5,38.9,3.55,9.33
2026-02-22 14:00:00,12.1,49.5,3.16,13.52
2026-02-22 15:00:00,15.0,44.0,3.82,12.88
2026-02-22 16:00:00,9.6,47.6,3.3,15.17
2026-02-22 17:00:00,11.8,39.3,4.77,22.76
2026-02-22 18:00:00,12.1,51.9,3.55,17.46
2026-02-22 19:00:00,10.5,65.4,4.53,12.47
2026-02-22 20:00:00,6.4,54.2,3.32,9.78
2026-02-22 21:00:00,5.6,64.3,3.11,17.18
2026-02-22 22:00:00,5.5,65.3,3.26,14.98
2026-02-22 23:00:00,6.3,63.7,3.25,14.38
2026-02-23 00:00:00,2.9,73.4,5.09,12.5
2026-02-23 01:00:00,6.1,71.8,2.72,18.88
2026-02-23 02:00:00,7.1,69.7,1.99,21.16
2026-02-23 03:00:00,7.0,58.0,2.7,19.44
2026-02-23 04:00:00,9.3,49.1,3.13,16.48
2026-02-23 05:00:00,10.0,58.9,1.57,21.27
2026-02-23 06:00:00,10.2,50.3,2.53,17.12
2026-02-23 07:00:00,9.4,64.3,2.87,26.37
2026-02-23 08:00:00,13.7,58.3,2.56,31.67
2026-02-23 09:00:00,13.1,57.0,1.89,27.91
2026-02-23 10:00:00,14.4,33.5,2.5,16.18
2026-02-23 11:00:00,16.5,41.2,2.86,17.36
2026-02-23 12:00:00,18.1,41.6,3.77,15.39
2026-02-23 13:00:00,15.7,43.1,2.88,14.76
2026-02-23 14:00:00,16.1,36.2,4.05,4.49
2026-02-23 15:00:00,12.3,52.6,3.51,13.39
2026-02-23 16:00:00,13.8,44.9,3.57,23.51
2026-02-23 17:00:00,12.2,50.0,3.87,19.43
2026-02-23 18:00:00,12.8,41.0,3.32,20.11
2026-02-23 19:00:00,8.9,62.5,3.3,14.44
2026-02-23 20:00:00,8.1,59.7,3.22,10.54
2026-02-23 21:00:00,9.0,66.5,3.85,9.64
2026-02-23 22:00:00,6.5,68.8,3.25,21.9
2026-02-23 23:00:00,4.5,71.3,2.85,13.83
2026-02-24 00:00:00,9.9,65.7,2.86,14.82
2026-02-24 01:00:00,4.7,75.4,3.32,13.65
2026-02-24 02:00:00,6.7,65.7,2.33,15.56
2026-02-24 03:00:00,8.1,53.8,1.77,18.02
2026-02-24 04:00:00,9.0,64.8,4.56,14.02
2026-02-24 05:00:00,9.5,51.8,1.92,18.83
2026-02-24 06:00:00,10.8,44.1,2.85,23.25
2026-02-24 07:00:00,12.0,42.1,2.47,30.39
2026-02-24 08:00:00,11.9,48.4,1.82,31.21
2026-02-24 09:00:00,17.9,38.6,3.67,16.21
2026-02-24 10:00:00,15.1,25.0,2.12,14.19
2026-02-24 11:00:00,16.8,34.3,2.87,17.81
2026-02-24 12:00:00,15.6,45.7,3.04,14.46
2026-02-24 13:00:00,15.4,34.9,3.36,19.16
2026-02-24 14:00:00,14.7,38.7,4.62,12.6
2026-02-24 15:00:00,12.3,51.0,3.6,18.21
2026-02-24 16:00:00,13.4,50.9,3.87,28.48
2026-02-24 17:00:00,11.8,56.6,4.0,22.91
2026-02-24 18:00:00,12.9,32.3,6.01,16.04
2026-02-24 19:00:00,8.0,70.8,4.72,15.95
2026-02-24 20:00:00,7.7,66.3,3.26,12.31
2026-02-24 21:00:00,6.2,82.7,3.34,18.13
2026-02-24 22:00:00,8.9,59.8,3.43,7.62
2026-02-24 23:00:00,5.0,57.3,4.35,14.2
2026-02-25 00:00:00,7.1,68.4,4.23,14.1
2026-02-25 01:00:00,7.9,65.4,2.61,20.49
2026-02-25 02:00:00,6.7,71.6,2.12,24.26
2026-02-25 03:00:00,5.6,73.5,2.09,16.19
2026-02-25 04:00:00,6.7,62.0,2.09,27.74
2026-02-25 05:00:00,11.2,54.4,1.8,21.98
2026-02-25 06:00:00,9.3,58.2,2.88,19.95
2026-02-25 07:00:00,13.1,46.6,1.75,20.81
2026-02-25 08:00:00,13.9,42.5,1.67,25.6
2026-02-25 09:00:00,15.3,48.5,2.08,32.14
2026-02-25 10:00:00,16.3,47.4,2.57,15.44
2026-02-25 11:00:00,14.7,46.3,3.64,13.64
2026-02-25 12:00:00,14.8,37.0,2.52,18.01
2026-02-25 13:00:00,17.1,25.0,3.34,8.73
2026-02-25 14:00:00,14.6,38.9,3.6,13.31
2026-02-25 15:00:00,10.6,39.7,3.94,19.46
2026-02-25 16:00:00,14.7,43.3,3.59,25.24
2026-02-25 17:00:00,11.0,45.4,4.18,20.97
2026-02-25 18:00:00,11.9,52.3,4.41,29.7
2026-02-25 19:00:00,12.0,48.2,3.68,8.58
2026-02-25 20:00:00,8.8,52.0,3.87,8.91
2026-02-25 21:00:00,9.2,71.7,3.52,22.45
2026-02-25 22:00:00,7.1,59.9,3.08,18.34
2026-02-25 23:00:00,8.8,66.6,2.7,15.99
2026-02-26 00:00:00,4.8,76.9,2.62,17.7
2026-02-26 01:00:00,6.5,74.8,2.39,20.77
2026-02-26 02:00:00,8.0,71.5,1.94,22.34
2026-02-26 03:00:00,7.5,66.6,2.46,19.46
2026-02-26 04:00:00,10.6,64.6,2.61,21.12
2026-02-26 05:00:00,9.4,67.2,1.83,17.84
2026-02-26 06:00:00,14.5,53.4,1.87,20.71
2026-02-26 07:00:00,15.8,33.4,1.7,26.68
2026-02-26 08:00:00,14.3,40.9,1.98,22.39
2026-02-26 09:00:00,15.7,45.8,2.52,31.19
2026-02-26 10:00:00,17.5,33.2,2.58,26.08
2026-02-26 11:00:00,14.4,50.2,2.58,24.2
2026-02-26 12:00:00,14.4,38.1,2.65,16.8
2026-02-26 13:00:00,18.1,36.6,3.66,11.77
2026-02-26 14:00:00,16.1,46.6,3.18,13.73
2026-02-26 15:00:00,14.5,40.6,3.16,14.72
2026-02-26 16:00:00,13.9,46.1,3.83,19.3
2026-02-26 17:00:00,9.1,57.9,3.34,29.06
2026-02-26 18:00:00,11.1,42.8,4.05,11.2
2026-02-26 19:00:00,8.9,56.0,4.07,13.07
2026-02-26 20:00:00,10.2,65.6,3.48,16.77
2026-02-26 21:00:00,9.3,63.5,3.37,12.77
2026-02-26 22:00:00,7.9,76.4,4.03,13.65
2026-02-26 23:00:00,7.1,56.9,5.08,16.9
2026-02-27 00:00:00,4.2,58.8,2.9,23.96
2026-02-27 01:00:00,7.5,73.0,2.37,16.88
2026-02-27 02:00:00,8.1,72.0,2.61,13.54
2026-02-27 03:00:00,9.8,61.3,2.11,18.2
2026-02-27 04:00:00,12.2,61.1,2.2,15.86
2026-02-27 05:00:00,7.6,64.2,2.0,14.27
2026-02-27 06:00:00,10.9,47.6,1.98,16.66
2026-02-27 07:00:00,11.7,44.6,1.37,34.01
2026-02-27 08:00:00,14.2,45.9,1.8,28.12
2026-02-27 09:00:00,15.0,47.8,1.92,28.13
2026-02-27 10:00:00,15.5,31.1,2.13,14.14
2026-02-27 11:00:00,17.8,34.7,3.02,19.06
2026-02-27 12:00:00,14.8,36.4,2.47,23.61
2026-02-27 13:00:00,14.7,41.5,2.6,8.66
2026-02-27 14:00:00,14.3,40.1,3.12,19.23
2026-02-27 15:00:00,14.5,38.1,3.26,14.15
2026-02-27 16:00:00,12.1,55.0,3.77,19.46
2026-02-27 17:00:00,12.7,45.0,3.52,23.02
2026-02-27 18:00:00,11.2,51.0,3.75,24.98
2026-02-27 19:00:00,9.0,46.8,3.66,17.23
2026-02-27 20:00:00,10.3,54.8,4.7,14.15
2026-02-27 21:00:00,7.9,67.8,3.27,16.05
2026-02-27 22:00:00,8.7,67.6,3.73,13.33
2026-02-27 23:00:00,6.4,72.7,3.09,21.7
2026-02-28 00:00:00,6.6,72.6,3.55,10.45
2026-02-28 01:00:00,5.9,83.5,3.94,16.68
2026-02-28 02:00:00,7.3,61.4,2.33,22.9
2026-02-28 03:00:00,9.1,51.8,1.67,11.7
2026-02-28 04:00:00,8.5,53.9,1.6,19.23
2026-02-28 05:00:00,11.1,51.3,1.46,18.3
2026-02-28 06:00:00,10.4,46.9,1.67,17.5
2026-02-28 07:00:00,14.0,48.3,1.65,23.25
2026-02-28 08:00:00,13.2,54.2,2.13,27.5
2026-02-28 09:00:00,16.4,51.2,2.77,22.62
2026-02-28 10:00:00,16.0,42.3,1.86,15.8
2026-02-28 11:00:00,18.7,50.4,2.61,12.77
2026-02-28 12:00:00,14.9,35.6,2.57,18.22
2026-02-28 13:00:00,14.2,27.6,3.15,10.64
2026-02-28 14:00:00,15.0,47.0,3.17,13.61
2026-02-28 15:00:00,13.1,30.2,4.03,6.93
2026-02-28 16:00:00,12.0,41.1,3.35,21.93
2026-02-28 17:00:00,13.8,51.5,3.55,21.92
2026-02-28 18:00:00,11.6,52.0,3.79,18.9
2026-02-28 19:00:00,9.6,56.1,3.67,10.69
2026-02-28 20:00:00,8.5,52.9,3.66,6.6
2026-02-28 21:00:00,7.2,64.7,3.1,20.18
2026-02-28 22:00:00,9.7,71.6,4.49,11.09
2026-02-28 23:00:00,5.7,69.2,2.9,15.45
2026-03-01 00:00:00,4.7,64.4,2.5,15.72
2026-03-01 01:00:00,8.1,58.4,2.55,20.04
2026-03-01 02:00:00,7.1,61.1,2.38,15.05
2026-03-01 03:00:00,11.2,64.2,3.86,11.58
2026-03-01 04:00:00,8.4,63.7,2.76,14.07
2026-03-01 05:00:00,11.7,50.1,1.73,15.41
2026-03-01 06:00:00,13.3,35.9,3.28,15.4
2026-03-01 07:00:00,12.2,52.0,3.03,26.34
2026-03-01 08:00:00,13.1,39.2,1.63,21.79
2026-03-01 09:00:00,16.4,45.2,4.25,19.42
2026-03-01 10:00:00,16.9,32.8,2.15,11.2
2026-03-01 11:00:00,14.4,31.9,2.68,15.68
2026-03-01 12:00:00,15.0,39.1,3.8,14.25
2026-03-01 13:00:00,12.7,56.7,2.62,14.88
2026-03-01 14:00:00,16.9,43.3,3.29,11.61
2026-03-01 15:00:00,14.9,42.6,3.74,14.47
2026-03-01 16:00:00,14.0,47.3,4.45,15.85
2026-03-01 17:00:00,10.5,38.3,3.82,12.25
2026-03-01 18:00:00,10.1,46.1,3.36,20.87
2026-03-01 19:00:00,9.7,39.8,5.52,3.0
2026-03-01 20:00:00,8.2,73.5,3.74,11.26
2026-03-01 21:00:00,8.4,74.5,3.76,7.84
2026-03-01 22:00:00,8.3,68.5,2.9,10.32
2026-03-01 23:00:00,10.3,66.3,4.2,12.28
2026-03-02 00:00:00,6.8,57.7,2.65,19.84
2026-03-02 01:00:00,8.7,65.1,2.31,23.38
2026-03-02 02:00:00,6.3,79.9,3.17,20.3
2026-03-02 03:00:00,5.8,66.8,1.71,24.91
2026-03-02 04:00:00,8.8,57.0,2.2,18.75
2026-03-02 05:00:00,8.1,46.3,1.6,13.04
2026-03-02 06:00:00,11.9,62.2,2.14,25.24
2026-03-02 07:00:00,12.0,48.8,2.37,23.04
2026-03-02 08:00:00,11.4,34.6,1.77,20.6
2026-03-02 09:00:00,18.0,32.7,3.16,23.03
2026-03-02 10:00:00,15.4,30.4,2.37,17.06
2026-03-02 11:00:00,14.2,38.1,4.32,12.78
2026-03-02 12:00:00,18.2,36.9,3.68,18.55
2026-03-02 13:00:00,15.6,34.4,3.19,15.05
2026-03-02 14:00:00,17.8,42.8,3.43,15.73
2026-03-02 15:00:00,14.3,42.6,3.14,18.17
2026-03-02 16:00:00,13.5,52.6,4.53,29.2
2026-03-02 17:00:00,13.6,45.5,3.57,23.32
2026-03-02 18:00:00,12.7,73.1,3.99,23.7
2026-03-02 19:00:00,11.7,51.8,5.53,8.71
2026-03-02 20:00:00,9.2,54.3,4.71,8.63
2026-03-02 21:00:00,9.1,56.0,3.22,13.33
2026-03-02 22:00:00,8.6,64.0,3.37,10.87
2026-03-02 23:00:00,7.3,55.7,3.31,15.12
2026-03-03 00:00:00,6.7,70.7,3.99,18.61
2026-03-03 01:00:00,5.0,56.3,3.54,10.4
2026-03-03 02:00:00,8.5,66.7,2.73,13.26
2026-03-03 03:00:00,8.5,54.2,2.45,15.01
2026-03-03 04:00:00,8.8,58.3,2.0,17.85
2026-03-03 05:00:00,12.6,59.3,2.07,16.56
2026-03-03 06:00:00,9.8,70.3,1.75,21.64
2026-03-03 07:00:00,15.7,38.8,2.45,26.11
2026-03-03 08:00:00,14.4,43.4,2.33,22.33
2026-03-03 09:00:00,16.0,35.7,2.92,20.24
2026-03-03 10:00:00,15.7,33.0,3.1,14.25
2026-03-03 11:00:00,14.3,34.0,2.35,15.17
2026-03-03 12:00:00,16.7,42.4,2.33,20.61
2026-03-03 13:00:00,17.3,33.2,2.84,13.59
2026-03-03 14:00:00,17.3,53.5,3.53,15.99
2026-03-03 15:00:00,15.2,44.3,3.46,14.05
2026-03-03 16:00:00,11.2,40.0,3.6,16.7
2026-03-03 17:00:00,10.9,47.6,3.53,26.38
2026-03-03 18:00:00,15.0,44.4,4.12,21.98
2026-03-03 19:00:00,9.0,63.5,4.19,11.11
2026-03-03 20:00:00,11.6,47.3,4.1,14.26
2026-03-03 21:00:00,7.0,55.5,4.31,15.12
2026-03-03 22:00:00,7.4,62.4,7.17,15.8
2026-03-03 23:00:00,8.1,71.9,2.58,17.03
2026-03-04 00:00:00,5.8,78.0,3.2,22.08
2026-03-04 01:00:00,9.6,75.6,3.09,14.95
2026-03-04 02:00:00,7.9,69.8,2.08,19.86
2026-03-04 03:00:00,9.2,62.5,2.07,19.24
2026-03-04 04:00:00,9.2,66.2,1.79,21.67
2026-03-04 05:00:00,11.8,47.7,2.28,22.83
2026-03-04 06:00:00,14.4,37.5,2.72,17.94
2026-03-04 07:00:00,13.2,51.4,1.49,24.69
2026-03-04 08:00:00,17.2,35.2,2.26,22.98
2026-03-04 09:00:00,14.7,41.3,3.24,28.53
2026-03-04 10:00:00,17.5,38.4,2.11,20.43
2026-03-04 11:00:00,17.6,38.0,2.27,16.56
2026-03-04 12:00:00,15.5,44.2,2.5,14.43
2026-03-04 13:00:00,17.2,42.5,2.8,14.9
2026-03-04 14:00:00,16.4,39.8,5.03,9.64
2026-03-04 15:00:00,14.3,39.0,5.63,10.94
2026-03-04 16:00:00,15.1,44.7,4.98,14.74
2026-03-04 17:00:00,13.6,43.9,3.71,20.85
2026-03-04 18:00:00,12.0,51.1,5.17,14.25
2026-03-04 19:00:00,10.7,74.9,3.46,5.75
2026-03-04 20:00:00,9.4,61.7,4.3,15.05
2026-03-04 21:00:00,8.0,67.3,3.34,12.89
2026-03-04 22:00:00,7.9,61.1,2.96,15.38
2026-03-04 23:00:00,6.3,75.7,3.37,18.18
2026-03-05 00:00:00,11.2,70.4,3.13,24.81
2026-03-05 01:00:00,5.2,74.8,2.94,16.8
2026-03-05 02:00:00,7.0,68.3,2.78,17.67
2026-03-05 03:00:00,7.9,71.4,2.37,22.0
2026-03-05 04:00:00,12.7,66.7,1.96,23.05
2026-03-05 05:00:00,8.9,60.0,1.95,23.98
2026-03-05 06:00:00,12.8,50.9,2.45,19.57
2026-03-05 07:00:00,13.9,54.1,2.08,27.72
2026-03-05 08:00:00,15.2,37.5,1.81,17.65
2026-03-05 09:00:00,17.6,34.4,1.87,29.27
2026-03-05 10:00:00,18.3,36.6,2.41,21.66
2026-03-05 11:00:00,16.3,25.2,3.69,13.76
2026-03-05 12:00:00,17.5,41.8,3.29,10.08
2026-03-05 13:00:00,14.2,32.3,4.27,17.52
2026-03-05 14:00:00,16.7,35.0,3.23,13.18
2026-03-05 15:00:00,14.5,40.4,3.71,14.43
2026-03-05 16:00:00,14.4,44.8,3.96,13.82
2026-03-05 17:00:00,10.9,47.7,4.46,28.26
2026-03-05 18:00:00,12.8,51.3,3.74,18.12
2026-03-05 19:00:00,8.3,58.0,4.26,13.71
2026-03-05 20:00:00,9.9,56.9,4.74,6.91
2026-03-05 21:00:00,6.8,59.6,3.56,12.47
2026-03-05 22:00:00,6.6,74.7,3.04,18.76
2026-03-05 23:00:00,9.1,51.6,4.17,15.92
2026-03-06 00:00:00,8.2,66.0,3.37,16.89
2026-03-06 01:00:00,9.2,63.0,2.16,20.35
2026-03-06 02:00:00,10.3,67.1,2.37,15.33
2026-03-06 03:00:00,7.6,54.2,3.93,18.02
2026-03-06 04:00:00,12.0,54.9,2.36,18.44
2026-03-06 05:00:00,8.8,57.3,1.95,23.63
2026-03-06 06:00:00,13.4,58.8,1.51,22.75
2026-03-06 07:00:00,12.8,50.9,1.54,31.57
2026-03-06 08:00:00,13.4,37.0,2.57,28.86
2026-03-06 09:00:00,16.8,36.7,1.82,28.41
2026-03-06 10:00:00,18.0,43.4,2.6,11.61
2026-03-06 11:00:00,18.5,27.2,2.59,15.65
2026-03-06 12:00:00,17.6,35.4,3.06,20.79
2026-03-06 13:00:00,17.3,36.5,3.07,9.96
2026-03-06 14:00:00,17.4,35.0,3.69,11.87
2026-03-06 15:00:00,16.3,59.4,4.31,14.98
2026-03-06 16:00:00,15.6,40.6,3.68,24.94
2026-03-06 17:00:00,13.9,50.9,4.48,22.25
2026-03-06 18:00:00,13.6,45.8,5.07,16.89
2026-03-06 19:00:00,8.6,62.0,4.06,14.17
2026-03-06 20:00:00,9.6,66.4,4.28,10.16
2026-03-06 21:00:00,6.7,61.0,3.17,15.21
2026-03-06 22:00:00,8.4,65.3,3.33,13.2
2026-03-06 23:00:00,9.9,59.4,2.66,21.86
2026-03-07 00:00:00,6.7,60.6,2.66,15.77
2026-03-07 01:00:00,7.8,74.6,2.57,13.8
2026-03-07 02:00:00,9.2,61.1,4.29,12.6
2026-03-07 03:00:00,5.8,49.0,1.88,18.36
2026-03-07 04:00:00,9.1,73.1,2.02,20.56
2026-03-07 05:00:00,11.7,50.2,1.56,13.95
2026-03-07 06:00:00,8.1,53.8,1.79,5.85
2026-03-07 07:00:00,12.2,60.6,2.24,27.95
2026-03-07 08:00:00,16.6,41.8,2.46,22.18
2026-03-07 09:00:00,17.4,38.4,2.03,23.41
2026-03-07 10:00:00,17.3,29.2,2.13,17.03
2026-03-07 11:00:00,18.6,25.0,3.99,13.36
2026-03-07 12:00:00,17.7,34.7,2.7,18.8
2026-03-07 13:00:00,18.1,38.5,2.6,16.5
2026-03-07 14:00:00,16.3,40.7,4.38,12.93
2026-03-07 15:00:00,16.1,37.3,3.06,13.59
2026-03-07 16:00:00,14.0,45.0,4.75,21.53
2026-03-07 17:00:00,15.6,33.6,3.37,19.57
2026-03-07 18:00:00,14.7,53.5,3.43,12.06
2026-03-07 19:00:00,13.2,55.7,3.45,19.52
2026-03-07 20:00:00,9.3,74.4,3.54,14.69
2026-03-07 21:00:00,7.4,64.6,4.6,14.13
2026-03-07 22:00:00,10.0,57.8,2.99,11.89
2026-03-07 23:00:00,8.4,66.5,3.46,15.45
2026-03-08 00:00:00,8.0,65.3,3.05,6.83
2026-03-08 01:00:00,6.7,71.2,2.68,12.56
2026-03-08 02:00:00,8.8,65.5,3.17,11.77
2026-03-08 03:00:00,7.3,55.8,2.28,19.0
2026-03-08 04:00:00,11.0,47.8,2.17,18.2
2026-03-08 05:00:00,13.3,56.3,2.44,12.73
2026-03-08 06:00:00,15.0,59.7,1.68,18.66
2026-03-08 07:00:00,14.9,47.6,1.93,27.23
2026-03-08 08:00:00,12.9,51.3,2.23,32.36
2026-03-08 09:00:00,16.3,47.5,2.86,24.39
2026-03-08 10:00:00,20.1,37.4,2.33,13.38
2026-03-08 11:00:00,16.0,31.9,2.63,9.35
2026-03-08 12:00:00,17.4,37.4,3.19,18.04
2026-03-08 13:00:00,19.5,43.3,3.09,14.62
2026-03-08 14:00:00,17.8,41.1,3.09,13.59
2026-03-08 15:00:00,19.8,42.9,4.11,3.0
2026-03-08 16:00:00,13.9,41.6,3.86,14.77
2026-03-08 17:00:00,12.3,47.6,3.68,22.64
2026-03-08 18:00:00,14.3,49.7,3.48,22.62
2026-03-08 19:00:00,9.4,57.2,3.32,3.74
2026-03-08 20:00:00,9.7,68.4,4.09,13.04
2026-03-08 21:00:00,8.9,47.0,3.29,7.77
2026-03-08 22:00:00,9.7,64.8,2.9,18.72
2026-03-08 23:00:00,8.6,66.2,2.81,15.57
2026-03-09 00:00:00,8.3,57.8,3.09,15.01
2026-03-09 01:00:00,7.2,72.5,2.32,22.48
2026-03-09 02:00:00,10.1,59.2,2.61,20.31
2026-03-09 03:00:00,15.1,55.9,1.94,23.58
2026-03-09 04:00:00,11.2,72.0,2.02,21.65
2026-03-09 05:00:00,11.5,63.0,1.97,21.54
2026-03-09 06:00:00,10.7,57.5,2.35,17.61
2026-03-09 07:00:00,13.0,51.2,2.41,29.22
2026-03-09 08:00:00,14.8,43.0,2.04,37.08
2026-03-09 09:00:00,15.4,55.2,1.81,24.62
2026-03-09 10:00:00,16.9,43.7,3.29,18.67
2026-03-09 11:00:00,20.1,29.1,2.45,11.89
2026-03-09 12:00:00,19.5,25.0,3.07,7.62
2026-03-09 13:00:00,17.2,40.6,3.35,14.57
2026-03-09 14:00:00,15.1,39.1,3.22,16.26
2026-03-09 15:00:00,18.2,29.0,3.11,13.43
2026-03-09 16:00:00,15.0,47.0,3.24,18.18
2026-03-09 17:00:00,11.3,48.0,3.72,23.75
2026-03-09 18:00:00,13.7,54.8,3.5,19.94
2026-03-09 19:00:00,12.9,57.9,4.53,11.65
2026-03-09 20:00:00,6.5,58.6,3.6,10.62
2026-03-09 21:00:00,7.8,68.6,3.39,17.26
2026-03-09 22:00:00,8.1,62.4,5.1,12.57
2026-03-09 23:00:00,8.9,63.4,2.58,17.78
2026-03-10 00:00:00,6.9,64.7,2.89,14.65
2026-03-10 01:00:00,6.6,76.2,2.1,21.06
2026-03-10 02:00:00,9.5,62.8,3.41,20.81
2026-03-10 03:00:00,8.5,73.3,1.69,19.79
2026-03-10 04:00:00,11.0,71.7,2.25,18.43
2026-03-10 05:00:00,9.8,52.1,2.06,25.78
2026-03-10 06:00:00,10.7,33.0,1.36,14.99
2026-03-10 07:00:00,15.1,54.1,2.16,32.21
2026-03-10 08:00:00,15.6,41.1,1.78,30.71
2026-03-10 09:00:00,17.6,33.3,2.56,25.21
2026-03-10 10:00:00,16.3,34.5,2.12,12.88
2026-03-10 11:00:00,16.4,34.4,2.87,19.74
2026-03-10 12:00:00,19.8,43.3,2.83,13.41
2026-03-10 13:00:00,15.3,39.3,3.39,6.84
2026-03-10 14:00:00,18.9,45.4,3.75,12.79
2026-03-10 15:00:00,18.2,42.4,3.49,16.46
2026-03-10 16:00:00,16.5,40.6,3.57,23.4
2026-03-10 17:00:00,13.0,45.8,4.19,16.96
2026-03-10 18:00:00,11.5,56.7,3.65,20.81
2026-03-10 19:00:00,11.1,62.0,3.76,19.07
2026-03-10 20:00:00,8.3,68.4,5.02,13.19
2026-03-10 21:00:00,7.7,62.5,3.6,9.34
2026-03-10 22:00:00,9.4,66.1,3.88,19.0
2026-03-10 23:00:00,8.9,70.6,2.86,14.68
2026-03-11 00:00:00,6.3,66.3,3.12,21.38
2026-03-11 01:00:00,9.0,58.4,2.54,10.96
2026-03-11 02:00:00,9.2,59.4,2.22,19.92
2026-03-11 03:00:00,11.6,59.6,1.64,22.21
2026-03-11 04:00:00,11.2,63.7,1.63,24.53
2026-03-11 05:00:00,13.1,63.4,3.74,12.91
2026-03-11 06:00:00,13.5,41.7,1.83,11.54
2026-03-11 07:00:00,15.6,42.2,1.93,35.58
2026-03-11 08:00:00,13.4,42.8,2.67,28.47
2026-03-11 09:00:00,16.2,46.1,2.35,29.82
2026-03-11 10:00:00,17.1,34.2,2.22,20.31
2026-03-11 11:00:00,17.3,33.6,2.46,17.9
2026-03-11 12:00:00,18.5,25.3,2.48,14.23
2026-03-11 13:00:00,18.6,38.9,3.44,14.28
2026-03-11 14:00:00,17.7,36.3,3.7,16.69
2026-03-11 15:00:00,16.1,36.1,3.61,10.53
2026-03-11 16:00:00,14.2,42.8,3.68,27.63
2026-03-11 17:00:00,15.8,54.2,4.18,17.08
2026-03-11 18:00:00,13.3,44.3,3.48,15.79
2026-03-11 19:00:00,10.0,51.2,4.05,13.31
2026-03-11 20:00:00,10.0,68.7,5.1,11.43
2026-03-11 21:00:00,6.7,65.7,3.31,23.04
2026-03-11 22:00:00,8.5,70.2,3.27,19.73
2026-03-11 23:00:00,7.7,70.2,4.12,19.88
2026-03-12 00:00:00,7.1,68.1,2.9,18.57
2026-03-12 01:00:00,10.5,62.8,3.19,12.98
2026-03-12 02:00:00,6.9,72.7,2.63,13.9
2026-03-12 03:00:00,10.4,70.3,2.48,27.0
2026-03-12 04:00:00,13.7,64.6,1.72,14.93
2026-03-12 05:00:00,13.2,46.2,1.61,26.24
2026-03-12 06:00:00,12.9,60.8,2.33,21.36
2026-03-12 07:00:00,12.5,46.4,1.45,28.85
2026-03-12 08:00:00,13.4,40.0,1.92,28.64
2026-03-12 09:00:00,15.8,39.7,2.5,29.03
2026-03-12 10:00:00,16.2,44.4,2.27,16.07
2026-03-12 11:00:00,16.7,40.9,2.56,18.94
2026-03-12 12:00:00,17.4,34.3,3.5,16.43
2026-03-12 13:00:00,17.6,42.2,4.26,12.47
2026-03-12 14:00:00,18.0,38.2,5.94,5.1
2026-03-12 15:00:00,14.6,37.8,4.6,15.48
2026-03-12 16:00:00,14.4,39.5,3.54,14.29
2026-03-12 17:00:00,14.0,50.6,3.5,26.71
2026-03-12 18:00:00,12.6,51.3,3.68,21.79
2026-03-12 19:00:00,14.4,44.0,4.19,9.26
2026-03-12 20:00:00,10.8,65.3,3.59,16.19
2026-03-12 21:00:00,7.0,61.5,3.31,14.04
2026-03-12 22:00:00,9.2,76.2,4.67,13.08
2026-03-12 23:00:00,8.9,56.6,2.97,16.02
2026-03-13 00:00:00,7.8,66.5,3.16,13.91
2026-03-13 01:00:00,6.4,63.6,2.89,23.81
2026-03-13 02:00:00,11.3,56.5,1.85,12.67
2026-03-13 03:00:00,7.9,60.8,3.37,19.03
2026-03-13 04:00:00,11.5,71.2,1.6,24.03
2026-03-13 05:00:00,12.0,56.5,1.44,18.83
2026-03-13 06:00:00,13.9,45.3,1.67,20.43
2026-03-13 07:00:00,16.9,32.6,1.58,24.31
2026-03-13 08:00:00,16.4,30.9,3.0,29.48
2026-03-13 09:00:00,15.7,37.2,2.34,27.92
2026-03-13 10:00:00,19.0,32.0,2.13,16.85
2026-03-13 11:00:00,16.9,35.3,2.14,17.77
2026-03-13 12:00:00,18.3,25.0,3.12,11.23
2026-03-13 13:00:00,15.9,37.0,3.01,12.82
2026-03-13 14:00:00,15.8,46.2,3.72,15.09
2026-03-13 15:00:00,16.6,51.6,3.75,11.2
2026-03-13 16:00:00,16.1,29.9,3.42,26.18
2026-03-13 17:00:00,11.8,43.9,4.28,18.36
2026-03-13 18:00:00,13.8,45.0,3.44,21.53
2026-03-13 19:00:00,10.5,57.7,3.69,11.81
2026-03-13 20:00:00,12.4,49.5,3.65,18.12
2026-03-13 21:00:00,9.0,75.1,3.56,14.3
2026-03-13 22:00:00,7.0,67.1,2.93,12.26
2026-03-13 23:00:00,8.3,66.1,4.07,19.62
2026-03-14 00:00:00,6.7,79.8,2.55,19.11
2026-03-14 01:00:00,10.2,65.3,2.11,19.7
2026-03-14 02:00:00,8.8,68.2,2.57,17.68
2026-03-14 03:00:00,9.4,57.7,3.98,13.17
2026-03-14 04:00:00,11.5,49.2,1.49,15.88
2026-03-14 05:00:00,10.3,52.6,2.54,16.87
2026-03-14 06:00:00,11.2,68.4,1.89,21.51
2026-03-14 07:00:00,15.0,51.3,1.47,27.76
2026-03-14 08:00:00,14.0,46.7,1.92,29.56
2026-03-14 09:00:00,15.0,34.7,3.56,19.75
2026-03-14 10:00:00,18.7,43.0,3.44,7.04
2026-03-14 11:00:00,18.7,25.9,5.61,3.0
2026-03-14 12:00:00,16.2,26.0,3.35,4.3
2026-03-14 13:00:00,17.0,32.9,2.91,11.93
2026-03-14 14:00:00,16.1,52.4,3.99,10.72
2026-03-14 15:00:00,19.3,51.3,3.29,12.19
2026-03-14 16:00:00,17.0,39.3,3.69,19.24
2026-03-14 17:00:00,13.8,43.1,3.55,19.96
2026-03-14 18:00:00,14.0,39.3,4.35,15.99
2026-03-14 19:00:00,9.8,57.8,4.24,10.5
2026-03-14 20:00:00,9.6,61.4,3.48,9.39
2026-03-14 21:00:00,9.7,68.2,4.42,16.63
2026-03-14 22:00:00,9.5,71.2,4.58,5.58
2026-03-14 23:00:00,8.1,65.7,2.92,14.28
2026-03-15 00:00:00,8.6,71.0,3.13,13.44
2026-03-15 01:00:00,8.5,61.9,3.9,14.92
2026-03-15 02:00:00,8.6,69.2,2.57,18.2
2026-03-15 03:00:00,9.2,59.5,2.02,17.45
2026-03-15 04:00:00,10.1,63.2,1.98,19.97
2026-03-15 05:00:00,12.3,57.9,1.69,25.66
2026-03-15 06:00:00,13.8,51.4,2.75,14.61
2026-03-15 07:00:00,14.8,52.6,2.65,30.65
2026-03-15 08:00:00,13.9,33.9,1.71,23.23
2026-03-15 09:00:00,15.2,33.9,1.92,22.03
2026-03-15 10:00:00,18.1,35.2,1.9,13.34
2026-03-15 11:00:00,20.2,25.0,2.97,11.63
2026-03-15 12:00:00,18.4,32.4,2.47,9.1
2026-03-15 13:00:00,17.4,33.8,5.19,7.57
2026-03-15 14:00:00,17.9,46.5,3.04,10.4
2026-03-15 15:00:00,15.0,42.5,3.05,13.43
2026-03-15 16:00:00,17.7,49.1,3.33,19.62
2026-03-15 17:00:00,14.8,49.2,4.02,23.42
2026-03-15 18:00:00,12.2,48.5,3.84,17.95
2026-03-15 19:00:00,11.7,56.7,3.5,16.26
2026-03-15 20:00:00,9.9,65.2,3.68,11.72
2026-03-15 21:00:00,11.6,69.5,3.32,23.72
2026-03-15 22:00:00,8.6,64.6,3.71,14.19
2026-03-15 23:00:00,8.6,55.2,2.74,17.28
2026-03-16 00:00:00,9.2,54.6,2.96,12.5
2026-03-16 01:00:00,7.4,65.4,2.73,23.1
2026-03-16 02:00:00,9.3,48.6,2.35,14.41
2026-03-16 03:00:00,10.2,74.9,2.41,24.41
2026-03-16 04:00:00,8.5,65.4,1.94,21.35
2026-03-16 05:00:00,12.4,50.7,2.38,20.62
2026-03-16 06:00:00,13.2,43.6,1.85,15.0
2026-03-16 07:00:00,14.8,54.3,2.84,23.79
2026-03-16 08:00:00,15.9,35.5,2.09,27.03
2026-03-16 09:00:00,17.2,32.6,3.02,31.4
2026-03-16 10:00:00,19.6,30.5,2.12,19.98
2026-03-16 11:00:00,16.4,38.1,2.24,10.91
2026-03-16 12:00:00,17.8,40.1,3.34,18.92
2026-03-16 13:00:00,19.1,43.5,3.12,13.33
2026-03-16 14:00:00,18.4,44.2,2.82,14.75
2026-03-16 15:00:00,17.5,39.5,3.27,15.03
2026-03-16 16:00:00,19.9,47.2,3.92,23.68
2026-03-16 17:00:00,15.5,41.8,3.78,26.15
2026-03-16 18:00:00,15.0,37.3,3.55,15.41
2026-03-16 19:00:00,11.5,51.2,3.82,14.71
2026-03-16 20:00:00,9.3,54.9,3.81,16.72
2026-03-16 21:00:00,9.3,58.6,3.08,12.85
2026-03-16 22:00:00,10.0,57.6,4.2,10.45
2026-03-16 23:00:00,9.1,63.1,4.21,13.07
2026-03-17 00:00:00,9.0,71.1,2.57,20.22
2026-03-17 01:00:00,8.2,79.0,4.36,13.31
2026-03-17 02:00:00,8.5,53.5,2.32,20.13
2026-03-17 03:00:00,9.6,53.8,1.89,14.59
2026-03-17 04:00:00,12.0,52.9,1.72,24.51
2026-03-17 05:00:00,13.4,59.8,3.54,16.46
2026-03-17 06:00:00,11.9,51.1,1.48,27.83
2026-03-17 07:00:00,15.8,41.2,1.99,29.91
2026-03-17 08:00:00,14.9,49.1,2.16,27.27
2026-03-17 09:00:00,17.6,46.1,2.63,25.33
2026-03-17 10:00:00,17.4,37.5,2.41,14.83
2026-03-17 11:00:00,20.6,28.2,4.13,9.75
2026-03-17 12:00:00,17.8,37.7,4.69,16.55
2026-03-17 13:00:00,18.5,34.0,4.3,8.66
2026-03-17 14:00:00,18.6,35.0,3.59,19.67
2026-03-17 15:00:00,15.6,37.4,4.23,14.9
2026-03-17 16:00:00,15.8,49.8,3.59,22.19
2026-03-17 17:00:00,14.3,49.2,4.7,26.61
2026-03-17 18:00:00,12.6,59.2,3.62,20.78
2026-03-17 19:00:00,11.4,65.3,3.48,15.36
2026-03-17 20:00:00,12.6,61.2,3.38,7.91
2026-03-17 21:00:00,9.0,59.8,3.94,21.16
2026-03-17 22:00:00,9.9,71.7,4.7,11.19
2026-03-17 23:00:00,9.0,69.6,4.58,11.05
2026-03-18 00:00:00,6.4,87.1,3.58,15.35
2026-03-18 01:00:00,9.4,68.2,2.24,24.71
2026-03-18 02:00:00,7.0,71.7,4.9,20.09
2026-03-18 03:00:00,10.9,63.8,1.73,23.52
2026-03-18 04:00:00,10.2,59.1,1.5,22.72
2026-03-18 05:00:00,12.2,53.5,2.64,18.59
2026-03-18 06:00:00,11.5,54.8,1.7,23.11
2026-03-18 07:00:00,15.0,50.6,1.71,34.19
2026-03-18 08:00:00,17.4,50.2,1.7,26.05
2026-03-18 09:00:00,15.8,43.0,1.9,25.57
2026-03-18 10:00:00,16.9,34.8,3.15,18.29
2026-03-18 11:00:00,19.0,32.9,2.25,19.36
2026-03-18 12:00:00,19.2,25.4,2.8,14.56
2026-03-18 13:00:00,14.7,50.3,2.74,18.83
2026-03-18 14:00:00,20.8,31.2,3.43,14.05
2026-03-18 15:00:00,17.8,46.0,3.38,13.0
2026-03-18 16:00:00,17.0,44.3,4.03,21.2
2026-03-18 17:00:00,14.6,49.4,4.23,21.53
2026-03-18 18:00:00,10.7,52.6,5.23,25.78
2026-03-18 19:00:00,13.2,49.0,6.22,7.57
2026-03-18 20:00:00,10.1,53.1,3.46,11.34
2026-03-18 21:00:00,10.8,74.0,4.06,13.84
2026-03-18 22:00:00,8.8,66.1,3.16,19.74
2026-03-18 23:00:00,9.0,74.3,3.5,17.19
2026-03-19 00:00:00,7.4,77.8,3.21,20.0
2026-03-19 01:00:00,10.0,62.7,2.92,14.58
2026-03-19 02:00:00,7.5,69.4,2.93,10.38
2026-03-19 03:00:00,13.4,60.1,2.26,23.71
2026-03-19 04:00:00,14.4,48.4,1.83,20.58
2026-03-19 05:00:00,14.7,52.0,1.97,20.67
2026-03-19 06:00:00,15.5,53.7,4.09,19.94
2026-03-19 07:00:00,14.7,43.6,1.66,33.64
2026-03-19 08:00:00,17.8,39.5,1.87,31.62
2026-03-19 09:00:00,17.0,38.7,1.86,31.79
2026-03-19 10:00:00,15.6,53.9,1.85,16.61
2026-03-19 11:00:00,20.6,25.0,2.59,10.35
2026-03-19 12:00:00,20.3,37.3,3.29,7.84
2026-03-19 13:00:00,18.3,34.0,2.78,15.14
2026-03-19 14:00:00,16.1,34.3,4.5,16.4
2026-03-19 15:00:00,16.2,38.6,3.85,17.51
2026-03-19 16:00:00,13.3,50.0,4.52,23.32
2026-03-19 17:00:00,16.3,50.9,4.04,20.62
2026-03-19 18:00:00,11.2,54.4,3.8,19.78
2026-03-19 19:00:00,12.7,62.6,3.68,12.57
2026-03-19 20:00:00,9.8,69.0,3.91,13.87
2026-03-19 21:00:00,7.9,69.9,3.81,12.31
2026-03-19 22:00:00,9.6,60.9,3.15,22.74
2026-03-19 23:00:00,8.2,70.5,3.05,12.58
2026-03-20 00:00:00,9.9,69.6,4.7,13.15
2026-03-20 01:00:00,6.9,62.3,2.69,10.26
2026-03-20 02:00:00,8.2,54.9,2.51,17.65
2026-03-20 03:00:00,6.5,51.1,3.57,13.9
2026-03-20 04:00:00,7.9,62.2,2.25,20.37
2026-03-20 05:00:00,15.1,55.2,1.91,20.23
2026-03-20 06:00:00,16.8,40.3,2.63,19.87
2026-03-20 07:00:00,15.1,54.2,2.43,23.95
2026-03-20 08:00:00,14.9,45.1,2.16,28.52
2026-03-20 09:00:00,16.7,49.6,2.37,35.46
2026-03-20 10:00:00,19.3,38.8,2.25,17.32
2026-03-20 11:00:00,17.7,28.8,2.21,17.9
2026-03-20 12:00:00,19.0,38.0,3.27,10.1
2026-03-20 13:00:00,18.5,40.3,2.66,12.85
2026-03-20 14:00:00,17.1,34.1,2.98,12.39
2026-03-20 15:00:00,16.4,30.3,3.49,20.25
2026-03-20 16:00:00,16.6,43.4,3.6,18.45
2026-03-20 17:00:00,13.5,41.1,4.33,21.66
2026-03-20 18:00:00,14.3,58.4,4.59,19.6
2026-03-20 19:00:00,11.6,52.9,5.93,3.0
2026-03-20 20:00:00,11.3,71.0,3.24,11.89
2026-03-20 21:00:00,12.2,45.9,3.89,17.35
2026-03-20 22:00:00,9.1,66.1,3.65,17.16
2026-03-20 23:00:00,10.2,75.4,3.32,21.67
2026-03-21 00:00:00,6.0,62.9,3.27,10.72
2026-03-21 01:00:00,8.2,65.9,3.19,7.77
2026-03-21 02:00:00,9.4,62.0,3.54,10.28
2026-03-21 03:00:00,13.1,55.2,2.37,15.6
2026-03-21 04:00:00,8.3,63.1,3.59,15.31
2026-03-21 05:00:00,12.3,46.2,2.12,17.74
2026-03-21 06:00:00,15.9,48.5,1.68,16.45
2026-03-21 07:00:00,13.8,51.4,2.06,28.45
2026-03-21 08:00:00,15.9,41.8,1.68,24.37
2026-03-21 09:00:00,17.8,32.3,1.85,22.78
2026-03-21 10:00:00,18.3,44.2,2.32,15.44
2026-03-21 11:00:00,20.9,38.8,2.5,12.77
2026-03-21 12:00:00,19.4,27.2,4.01,5.71
2026-03-21 13:00:00,20.6,25.0,3.07,9.5
2026-03-21 14:00:00,17.5,30.9,3.01,15.5
2026-03-21 15:00:00,16.2,44.4,3.62,14.7
2026-03-21 16:00:00,15.9,45.2,3.94,22.13
2026-03-21 17:00:00,13.3,53.8,3.94,12.18
2026-03-21 18:00:00,14.5,48.2,3.5,15.96
2026-03-21 19:00:00,11.9,49.1,5.12,8.67
2026-03-21 20:00:00,10.2,66.3,3.23,14.86
2026-03-21 21:00:00,10.9,57.9,3.67,12.98
2026-03-21 22:00:00,7.7,67.6,2.99,12.15
2026-03-21 23:00:00,10.1,54.7,3.95,4.96
2026-03-22 00:00:00,8.1,63.5,3.18,15.44
2026-03-22 01:00:00,10.7,72.1,2.82,21.27
2026-03-22 02:00:00,8.9,60.3,2.28,11.43
2026-03-22 03:00:00,11.2,67.2,3.32,15.07
2026-03-22 04:00:00,11.6,42.4,1.91,20.28
2026-03-22 05:00:00,13.6,50.3,3.64,10.46
2026-03-22 06:00:00,14.0,49.6,1.55,22.2
2026-03-22 07:00:00,12.6,61.0,1.95,24.54
2026-03-22 08:00:00,17.8,33.6,2.55,23.29
2026-03-22 09:00:00,17.2,44.4,2.53,24.85
2026-03-22 10:00:00,19.3,43.5,2.37,10.91
2026-03-22 11:00:00,19.7,29.6,2.12,16.47
2026-03-22 12:00:00,17.6,33.3,3.0,13.4
2026-03-22 13:00:00,17.3,37.6,2.98,16.83
2026-03-22 14:00:00,19.1,25.9,3.13,8.83
2026-03-22 15:00:00,16.9,36.8,4.18,9.7
2026-03-22 16:00:00,17.7,50.8,3.22,19.46
2026-03-22 17:00:00,14.8,50.7,3.86,15.41
2026-03-22 18:00:00,15.3,48.6,4.24,21.02
2026-03-22 19:00:00,13.1,55.4,4.45,11.77
2026-03-22 20:00:00,11.7,62.7,3.86,9.56
2026-03-22 21:00:00,9.7,68.1,3.39,9.98
2026-03-22 22:00:00,9.8,60.6,4.51,14.07
2026-03-22 23:00:00,10.8,75.7,4.36,10.51
2026-03-23 00:00:00,8.8,76.2,3.11,17.32
2026-03-23 01:00:00,9.9,70.5,4.05,18.73
2026-03-23 02:00:00,9.6,58.8,2.05,16.88
2026-03-23 03:00:00,10.5,54.9,2.13,17.34
2026-03-23 04:00:00,14.0,54.5,1.46,18.84
2026-03-23 05:00:00,14.4,54.0,1.51,19.69
2026-03-23 06:00:00,14.0,38.4,1.45,20.89
2026-03-23 07:00:00,15.5,50.0,2.27,25.45
2026-03-23 08:00:00,15.3,52.7,1.62,24.78
2026-03-23 09:00:00,17.2,43.8,1.9,25.0
2026-03-23 10:00:00,18.7,31.9,2.15,15.38
2026-03-23 11:00:00,20.0,28.9,2.17,11.9
2026-03-23 12:00:00,20.0,36.1,2.95,17.28
2026-03-23 13:00:00,17.0,35.7,3.32,11.87
2026-03-23 14:00:00,19.7,39.0,2.89,14.28
2026-03-23 15:00:00,17.3,43.9,4.06,18.53
2026-03-23 16:00:00,14.9,51.7,3.4,22.46
2026-03-23 17:00:00,17.2,37.2,3.61,22.26
2026-03-23 18:00:00,16.1,50.7,4.19,22.91
2026-03-23 19:00:00,13.0,52.2,3.61,12.57
2026-03-23 20:00:00,12.4,57.4,3.34,14.34
2026-03-23 21:00:00,11.5,67.3,3.62,15.75
2026-03-23 22:00:00,11.6,69.9,4.2,16.16
2026-03-23 23:00:00,10.1,75.3,3.83,14.26
2026-03-24 00:00:00,7.0,71.4,2.61,16.51
2026-03-24 01:00:00,12.1,63.1,2.25,20.14
2026-03-24 02:00:00,11.2,61.6,2.07,12.99
2026-03-24 03:00:00,9.7,50.6,2.87,22.48
2026-03-24 04:00:00,9.9,69.4,1.69,28.94
2026-03-24 05:00:00,13.4,52.1,3.27,20.75
2026-03-24 06:00:00,13.5,54.7,2.18,19.83
2026-03-24 07:00:00,15.7,51.1,1.89,32.91
2026-03-24 08:00:00,17.6,33.2,1.74,19.83
2026-03-24 09:00:00,16.6,33.7,2.22,29.43
2026-03-24 10:00:00,16.6,49.1,1.97,20.02
2026-03-24 11:00:00,19.4,36.9,2.14,24.88
2026-03-24 12:00:00,18.2,31.4,3.19,14.15
2026-03-24 13:00:00,19.0,34.3,3.11,15.94
2026-03-24 14:00:00,16.3,46.2,3.89,12.71
2026-03-24 15:00:00,17.1,46.4,3.74,19.54
2026-03-24 16:00:00,17.5,31.7,3.47,18.07
2026-03-24 17:00:00,16.2,57.4,4.53,24.71
2026-03-24 18:00:00,12.8,58.5,3.64,24.41
2026-03-24 19:00:00,10.9,55.3,4.83,11.66
2026-03-24 20:00:00,11.5,50.5,3.49,13.42
2026-03-24 21:00:00,11.3,68.9,3.13,11.82
2026-03-24 22:00:00,10.2,67.5,4.58,6.45
2026-03-24 23:00:00,8.4,56.7,2.88,20.96
2026-03-25 00:00:00,9.5,64.8,2.64,16.88
2026-03-25 01:00:00,11.5,86.3,2.17,26.65
2026-03-25 02:00:00,10.0,64.5,2.31,21.26
2026-03-25 03:00:00,8.0,58.9,1.74,25.34
2026-03-25 04:00:00,11.8,51.5,3.14,20.78
2026-03-25 05:00:00,15.8,64.9,1.73,13.42
2026-03-25 06:00:00,12.1,58.3,1.52,22.36
2026-03-25 07:00:00,15.4,56.5,1.93,31.42
2026-03-25 08:00:00,16.2,44.8,4.34,26.54
2026-03-25 09:00:00,17.7,48.1,2.21,28.25
2026-03-25 10:00:00,18.6,30.7,2.25,19.28
2026-03-25 11:00:00,20.6,35.1,2.62,15.35
2026-03-25 12:00:00,19.2,36.7,3.43,9.25
2026-03-25 13:00:00,20.8,43.5,3.61,14.87
2026-03-25 14:00:00,18.2,39.3,3.52,7.36
2026-03-25 15:00:00,17.0,35.5,4.32,7.54
2026-03-25 16:00:00,15.5,44.0,3.78,18.55
2026-03-25 17:00:00,12.6,37.1,3.75,16.83
2026-03-25 18:00:00,14.4,34.2,3.9,18.67
2026-03-25 19:00:00,15.8,58.3,3.6,18.34
2026-03-25 20:00:00,12.2,55.6,4.32,13.49
2026-03-25 21:00:00,11.5,59.4,3.32,13.02
2026-03-25 22:00:00,9.1,70.9,2.84,16.27
2026-03-25 23:00:00,8.8,76.3,3.34,16.22
2026-03-26 00:00:00,10.6,69.3,2.56,16.02
2026-03-26 01:00:00,12.3,77.3,3.11,17.42
2026-03-26 02:00:00,12.0,66.3,2.35,15.99
2026-03-26 03:00:00,11.8,63.2,2.74,22.13
2026-03-26 04:00:00,11.6,60.4,1.48,19.53
2026-03-26 05:00:00,13.1,45.6,1.65,19.81
2026-03-26 06:00:00,13.0,58.3,1.51,24.59
2026-03-26 07:00:00,13.2,31.2,4.66,22.98
2026-03-26 08:00:00,14.9,40.0,1.8,28.01
2026-03-26 09:00:00,17.7,39.5,1.69,18.96
2026-03-26 10:00:00,18.0,31.7,2.57,15.57
2026-03-26 11:00:00,16.7,33.9,2.23,16.11
2026-03-26 12:00:00,19.0,47.6,3.55,17.07
2026-03-26 13:00:00,18.4,43.4,3.97,18.58
2026-03-26 14:00:00,16.7,33.5,3.01,21.12
2026-03-26 15:00:00,17.1,36.6,3.28,13.09
2026-03-26 16:00:00,16.1,34.2,3.87,20.82
2026-03-26 17:00:00,14.5,52.3,4.54,16.69
2026-03-26 18:00:00,15.5,47.9,4.08,19.79
2026-03-26 19:00:00,9.9,43.4,3.64,12.29
2026-03-26 20:00:00,8.6,61.8,3.29,12.57
2026-03-26 21:00:00,10.6,65.1,5.07,11.27
2026-03-26 22:00:00,9.9,71.2,3.6,16.08
2026-03-26 23:00:00,9.9,65.2,4.96,19.33
2026-03-27 00:00:00,8.4,64.7,3.2,21.72
2026-03-27 01:00:00,8.0,81.1,4.21,17.75
2026-03-27 02:00:00,9.8,64.6,2.04,26.12
2026-03-27 03:00:00,10.0,67.6,1.86,21.05
2026-03-27 04:00:00,14.0,53.0,1.9,17.7
2026-03-27 05:00:00,12.4,60.0,1.56,19.53
2026-03-27 06:00:00,14.1,40.5,1.38,20.78
2026-03-27 07:00:00,19.2,40.3,1.63,30.8
2026-03-27 08:00:00,16.4,34.4,2.32,26.68
2026-03-27 09:00:00,18.5,34.5,1.74,23.32
2026-03-27 10:00:00,19.5,44.8,1.96,17.23
2026-03-27 11:00:00,20.1,30.1,2.36,15.57
2026-03-27 12:00:00,19.6,39.3,2.5,19.05
2026-03-27 13:00:00,19.3,45.6,2.89,18.71
2026-03-27 14:00:00,18.6,36.5,3.3,10.19
2026-03-27 15:00:00,16.8,47.0,3.16,19.08
2026-03-27 16:00:00,17.2,46.0,3.49,24.08
2026-03-27 17:00:00,18.5,44.9,3.81,12.13
2026-03-27 18:00:00,16.0,54.5,3.53,25.78
2026-03-27 19:00:00,13.3,67.3,3.39,12.79
2026-03-27 20:00:00,12.9,53.2,3.42,12.34
2026-03-27 21:00:00,9.3,56.3,3.4,20.64
2026-03-27 22:00:00,9.4,57.7,2.87,21.91
2026-03-27 23:00:00,10.8,71.9,3.46,20.33
2026-03-28 00:00:00,11.5,72.7,2.71,16.1
2026-03-28 01:00:00,8.2,63.2,2.3,11.85
2026-03-28 02:00:00,9.2,50.1,1.89,11.34
2026-03-28 03:00:00,14.0,54.6,2.4,18.43
2026-03-28 04:00:00,11.9,62.3,2.86,21.19
2026-03-28 05:00:00,15.7,52.1,1.64,14.77
2026-03-28 06:00:00,14.5,51.6,3.55,12.95
2026-03-28 07:00:00,15.9,42.5,1.86,20.82
2026-03-28 08:00:00,16.3,50.1,1.98,20.57
2026-03-28 09:00:00,19.2,40.6,2.71,25.93
2026-03-28 10:00:00,20.6,39.2,2.64,14.99
2026-03-28 11:00:00,17.5,37.5,2.18,11.32
2026-03-28 12:00:00,18.7,38.7,2.6,21.53
2026-03-28 13:00:00,20.4,37.3,3.83,5.35
2026-03-28 14:00:00,18.4,30.4,3.65,8.64
2026-03-28 15:00:00,17.0,42.5,5.27,3.0
2026-03-28 16:00:00,18.2,46.9,3.91,18.62
2026-03-28 17:00:00,17.2,53.2,4.15,19.08
2026-03-28 18:00:00,13.6,54.1,3.55,20.25
2026-03-28 19:00:00,13.3,47.7,4.67,7.69
2026-03-28 20:00:00,9.9,54.4,3.19,11.81
2026-03-28 21:00:00,9.3,60.0,3.64,12.0
2026-03-28 22:00:00,10.1,65.7,3.7,8.73
2026-03-28 23:00:00,9.4,65.2,3.26,14.86
2026-03-29 00:00:00,7.8,59.9,2.83,14.2
2026-03-29 01:00:00,8.4,59.0,2.52,17.25
2026-03-29 02:00:00,8.4,51.0,2.35,15.81
2026-03-29 03:00:00,11.4,39.5,1.76,16.04
2026-03-29 04:00:00,8.8,60.0,2.13,20.97
2026-03-29 05:00:00,11.5,72.2,1.59,23.88
2026-03-29 06:00:00,11.5,65.4,1.61,23.21
2026-03-29 07:00:00,16.2,39.1,1.48,27.48
2026-03-29 08:00:00,14.1,45.8,5.3,25.2
2026-03-29 09:00:00,17.9,29.0,2.25,20.04
2026-03-29 10:00:00,21.1,25.6,1.91,10.88
2026-03-29 11:00:00,21.6,25.0,2.64,18.13
2026-03-29 12:00:00,16.6,35.2,3.7,13.69
2026-03-29 13:00:00,19.6,33.5,3.25,7.72
2026-03-29 14:00:00,17.1,39.7,3.32,6.49
2026-03-29 15:00:00,16.0,45.3,3.24,11.46
2026-03-29 16:00:00,16.6,40.3,3.86,15.15
2026-03-29 17:00:00,17.4,45.2,4.29,22.37
2026-03-29 18:00:00,15.2,42.2,4.33,21.61
2026-03-29 19:00:00,11.9,46.2,3.9,5.95
2026-03-29 20:00:00,12.8,47.2,3.8,5.74
2026-03-29 21:00:00,7.4,69.1,4.59,8.54
2026-03-29 22:00:00,8.8,63.0,4.25,9.77
2026-03-29 23:00:00,8.2,53.9,3.01,13.22
2026-03-30 00:00:00,9.5,66.0,4.42,20.05
2026-03-30 01:00:00,9.2,57.5,2.16,16.32
2026-03-30 02:00:00,9.8,76.2,2.46,28.53
2026-03-30 03:00:00,10.6,58.0,2.32,16.07
2026-03-30 04:00:00,11.9,63.3,1.65,17.14
2026-03-30 05:00:00,13.9,61.6,1.42,27.61
2026-03-30 06:00:00,14.6,43.7,1.52,24.8
2026-03-30 07:00:00,15.2,47.3,2.53,28.2
2026-03-30 08:00:00,17.5,45.9,2.66,28.96
2026-03-30 09:00:00,19.1,39.0,2.57,27.37
2026-03-30 10:00:00,17.8,39.9,2.06,17.31
2026-03-30 11:00:00,19.1,25.8,3.28,9.95
2026-03-30 12:00:00,21.1,37.0,2.58,7.7
2026-03-30 13:00:00,17.5,33.0,3.26,11.62
2026-03-30 14:00:00,21.4,36.9,3.35,22.84
2026-03-30 15:00:00,15.9,47.3,3.38,18.98
2026-03-30 16:00:00,16.3,47.6,4.1,20.69
2026-03-30 17:00:00,14.2,50.0,4.36,19.44
2026-03-30 18:00:00,17.6,52.4,3.54,23.33
2026-03-30 19:00:00,12.3,60.1,3.84,18.66
2026-03-30 20:00:00,11.1,69.6,4.22,15.39
2026-03-30 21:00:00,10.3,62.0,3.01,8.26
2026-03-30 22:00:00,10.2,65.4,3.58,24.44
2026-03-30 23:00:00,9.0,72.9,3.63,19.56
2026-03-31 00:00:00,9.2,63.2,3.11,16.9
2026-03-31 01:00:00,4.3,60.8,2.89,16.83
2026-03-31 02:00:00,10.2,67.7,2.31,23.45
2026-03-31 03:00:00,10.9,60.3,2.6,22.82
2026-03-31 04:00:00,13.5,48.8,1.57,20.64
2026-03-31 05:00:00,15.1,56.6,1.56,22.28
2026-03-31 06:00:00,14.1,60.7,2.14,24.18
2026-03-31 07:00:00,16.9,33.9,2.35,28.46
2026-03-31 08:00:00,15.3,51.0,2.84,28.17
2026-03-31 09:00:00,19.1,25.0,3.48,22.94
2026-03-31 10:00:00,17.9,34.5,2.06,16.99
2026-03-31 11:00:00,17.5,49.3,2.21,23.83
2026-03-31 12:00:00,19.1,32.4,3.47,8.68
2026-03-31 13:00:00,21.3,34.0,2.92,12.29
2026-03-31 14:00:00,19.0,41.7,3.33,13.98
2026-03-31 15:00:00,20.2,25.4,4.08,9.47
2026-03-31 16:00:00,15.8,43.9,3.83,18.63
2026-03-31 17:00:00,17.3,45.5,4.25,22.65
2026-03-31 18:00:00,13.4,64.3,3.54,22.65
2026-03-31 19:00:00,13.4,45.7,4.0,6.98
2026-03-31 20:00:00,12.2,55.5,3.89,12.54
2026-03-31 21:00:00,11.9,54.5,4.39,11.3
2026-03-31 22:00:00,10.5,56.8,4.43,14.34
2026-03-31 23:00:00,8.5,74.7,2.91,18.62
